discharge_id,date,unit,weekday,order_time,actual_discharge_time,pharmacy_turnaround_min,transport_wait_min
D00001,2026-01-05,3W,Mon,10:00,11:53,38,8
D00002,2026-01-05,3W,Mon,11:57,14:32,102,46
D00003,2026-01-05,4E,Mon,11:27,15:16,95,35
D00004,2026-01-05,3W,Mon,11:08,13:04,85,26
D00005,2026-01-05,6S,Mon,11:37,16:04,163,26
D00006,2026-01-06,3W,Tue,13:30,14:49,25,9
D00007,2026-01-06,4E,Tue,08:45,11:21,76,61
D00008,2026-01-06,3W,Tue,11:06,11:50,31,10
D00009,2026-01-06,5N,Tue,11:37,12:56,,7
D00010,2026-01-06,4E,Tue,07:36,10:53,122,21
D00011,2026-01-06,3W,Tue,10:23,11:56,40,39
D00012,2026-01-06,3W,Tue,09:51,12:45,54,60
D00013,2026-01-06,4E,Tue,10:19,14:03,128,23
D00014,2026-01-06,3W,Tue,11:08,12:46,49,15
D00015,2026-01-06,4E,Tue,11:49,13:20,31,19
D00016,2026-01-07,3W,Wed,12:07,13:55,79,72
D00017,2026-01-07,3W,Wed,14:10,14:54,65,9
D00018,2026-01-07,3W,Wed,13:09,13:58,49,7
D00019,2026-01-07,3W,Wed,10:41,13:56,48,88
D00020,2026-01-07,3W,Wed,12:52,13:17,84,19
D00021,2026-01-07,5N,Wed,10:02,11:42,95,11
D00022,2026-01-07,6S,Wed,08:22,10:58,57,20
D00023,2026-01-07,4E,Wed,11:04,14:18,145,15
D00024,2026-01-07,5N,Wed,12:02,12:51,,6
D00025,2026-01-07,3W,Wed,09:36,10:09,39,3
D00026,2026-01-07,3W,Wed,09:20,10:40,25,15
D00027,2026-01-07,3W,Wed,12:59,15:46,35,71
D00028,2026-01-07,3W,Wed,10:29,12:17,56,54
D00029,2026-01-08,3W,Thu,09:42,11:03,45,33
D00030,2026-01-08,6S,Thu,09:08,13:18,168,30
D00031,2026-01-08,4E,Thu,09:06,12:00,95,32
D00032,2026-01-08,3W,Thu,10:14,12:00,42,14
D00033,2026-01-08,4E,Thu,11:47,16:57,182,34
D00034,2026-01-08,4E,Thu,10:25,12:34,24,48
D00035,2026-01-08,3W,Thu,09:37,11:33,50,9
D00036,2026-01-08,4E,Thu,11:17,14:36,82,27
D00037,2026-01-08,5N,Thu,09:41,11:11,36,26
D00038,2026-01-08,6S,Thu,10:39,14:01,128,11
D00039,2026-01-08,5N,Thu,09:28,10:56,27,23
D00040,2026-01-08,6S,Thu,14:43,17:56,150,17
D00041,2026-01-08,3W,Thu,09:12,10:05,62,31
D00042,2026-01-08,4E,Thu,08:57,11:40,122,17
D00043,2026-01-08,5N,Thu,12:40,14:18,80,47
D00044,2026-01-08,3W,Thu,10:34,11:36,46,40
D00045,2026-01-08,3W,Thu,11:09,12:30,74,40
D00046,2026-01-09,6S,Fri,13:57,17:27,79,13
D00047,2026-01-09,5N,Fri,11:10,12:33,60,16
D00048,2026-01-09,6S,Fri,10:10,12:06,62,13
D00049,2026-01-09,3W,Fri,10:49,13:08,47,150
D00050,2026-01-09,3W,Fri,09:24,10:02,67,21
D00051,2026-01-09,4E,Fri,11:31,12:34,67,3
D00052,2026-01-09,6S,Fri,13:38,16:45,92,11
D00053,2026-01-09,4E,Fri,11:53,15:27,119,41
D00054,2026-01-09,4E,Fri,11:52,14:01,58,22
D00055,2026-01-09,3W,Fri,11:06,11:45,46,2
D00056,2026-01-09,5N,Fri,12:47,14:01,49,22
D00057,2026-01-09,3W,Fri,10:32,11:12,71,6
D00058,2026-01-09,5N,Fri,10:25,11:50,97,11
D00059,2026-01-09,3W,Fri,09:23,10:00,48,13
D00060,2026-01-09,5N,Fri,14:51,16:09,73,15
D00061,2026-01-09,3W,Fri,08:38,10:43,,105
D00062,2026-01-09,3W,Fri,09:37,11:01,71,26
D00063,2026-01-10,3W,Sat,09:59,11:41,18,16
D00064,2026-01-10,6S,Sat,12:09,14:50,80,24
D00065,2026-01-10,6S,Sat,09:41,12:45,116,8
D00066,2026-01-10,6S,Sat,12:53,15:39,64,24
D00067,2026-01-10,5N,Sat,11:23,13:12,28,27
D00068,2026-01-11,3W,Sun,11:14,12:08,57,27
D00069,2026-01-11,5N,Sun,11:16,13:03,34,41
D00070,2026-01-11,4E,Sun,12:43,14:23,74,15
D00071,2026-01-11,3W,Sun,11:36,13:38,38,23
D00072,2026-01-11,4E,Sun,10:45,14:08,83,52
D00073,2026-01-11,5N,Sun,09:32,10:33,90,4
D00074,2026-01-11,4E,Sun,10:43,14:42,102,48
D00075,2026-01-11,3W,Sun,09:42,11:06,32,11
D00076,2026-01-11,5N,Sun,10:16,12:22,50,55
D00077,2026-01-12,4E,Mon,08:47,10:38,,7
D00078,2026-01-12,4E,Mon,11:35,16:47,176,15
D00079,2026-01-12,6S,Mon,12:18,14:04,40,14
D00080,2026-01-12,6S,Mon,11:51,15:59,89,57
D00081,2026-01-12,4E,Mon,11:39,14:57,114,3
D00082,2026-01-12,5N,Mon,11:38,13:48,33,16
D00083,2026-01-12,3W,Mon,13:20,16:14,37,24
D00084,2026-01-12,3W,Mon,09:01,11:08,69,9
D00085,2026-01-12,5N,Mon,12:49,14:40,60,5
D00086,2026-01-12,6S,Mon,09:59,13:14,97,18
D00087,2026-01-12,6S,Mon,07:00,10:21,94,18
D00088,2026-01-12,6S,Mon,12:55,14:47,,50
D00089,2026-01-12,3W,Mon,10:07,11:42,24,1
D00090,2026-01-12,3W,Mon,10:56,12:56,60,40
D00091,2026-01-12,4E,Mon,12:39,17:08,119,75
D00092,2026-01-12,4E,Mon,12:30,15:08,37,25
D00093,2026-01-13,6S,Tue,11:42,15:19,148,12
D00094,2026-01-13,5N,Tue,11:10,12:28,55,22
D00095,2026-01-13,3W,Tue,11:47,14:03,35,54
D00096,2026-01-13,4E,Tue,12:09,14:32,57,36
D00097,2026-01-13,5N,Tue,09:24,11:33,29,38
D00098,2026-01-13,6S,Tue,10:31,08:56,51,11
D00099,2026-01-13,6S,Tue,11:24,15:15,142,12
D00100,2026-01-13,6S,Tue,07:00,10:21,97,7
D00101,2026-01-13,4E,Tue,09:42,13:02,107,46
D00102,2026-01-13,3W,Tue,13:18,14:54,83,12
D00103,2026-01-14,3W,Wed,10:53,12:03,50,16
D00104,2026-01-14,4E,Wed,10:03,14:12,150,58
D00105,2026-01-14,3W,Wed,12:33,13:45,70,15
D00106,2026-01-14,4E,Wed,11:22,13:09,63,9
D00107,2026-01-14,5N,Wed,08:49,10:35,73,50
D00108,2026-01-14,5N,Wed,09:22,10:20,63,30
D00109,2026-01-14,4E,Wed,10:41,12:52,83,23
D00110,2026-01-14,6S,Wed,10:01,13:41,129,20
D00111,2026-01-14,6S,Wed,09:31,11:33,37,31
D00112,2026-01-14,5N,Wed,11:45,14:04,34,71
D00113,2026-01-14,6S,Wed,09:04,10:35,61,1
D00114,2026-01-14,6S,Wed,11:37,16:07,210,10
D00115,2026-01-14,3W,Wed,11:39,12:44,35,16
D00116,2026-01-14,4E,Wed,10:04,12:17,121,7
D00117,2026-01-15,3W,Thu,09:11,10:55,82,15
D00118,2026-01-15,4E,Thu,11:10,15:19,148,48
D00119,2026-01-15,3W,Thu,11:04,12:52,56,15
D00120,2026-01-15,4E,Thu,09:07,12:21,67,44
D00121,2026-01-15,3W,Thu,11:09,13:23,118,29
D00122,2026-01-15,6S,Thu,11:41,12:54,,7
D00123,2026-01-15,5N,Thu,10:31,12:13,83,22
D00124,2026-01-15,4E,Thu,11:41,15:30,108,36
D00125,2026-01-15,6S,Thu,11:49,16:24,199,22
D00126,2026-01-15,3W,Thu,13:21,14:39,120,23
D00127,2026-01-15,4E,Thu,10:11,13:24,139,27
D00128,2026-01-15,5N,Thu,11:48,13:36,54,21
D00129,2026-01-15,5N,Thu,11:56,12:33,67,12
D00130,2026-01-15,6S,Thu,13:26,14:43,36,7
D00131,2026-01-15,3W,Thu,11:37,12:37,33,14
D00132,2026-01-15,3W,Thu,11:07,12:11,42,19
D00133,2026-01-15,5N,Thu,09:21,10:49,57,13
D00134,2026-01-15,3W,Thu,09:14,10:37,43,50
D00135,2026-01-15,5N,Thu,09:36,12:05,54,13
D00136,2026-01-15,6S,Thu,09:39,12:54,66,59
D00137,2026-01-15,5N,Thu,08:24,10:02,56,24
D00138,2026-01-15,3W,Thu,11:36,13:00,61,2
D00139,2026-01-15,4E,Thu,12:55,14:47,38,43
D00140,2026-01-15,5N,Thu,10:28,12:14,78,36
D00141,2026-01-15,4E,Thu,11:21,12:27,,10
D00142,2026-01-15,4E,Thu,08:43,11:55,86,30
D00143,2026-01-15,6S,Thu,10:30,13:32,72,26
D00144,2026-01-16,3W,Fri,11:47,12:21,50,31
D00145,2026-01-16,5N,Fri,11:31,13:08,39,36
D00146,2026-01-16,6S,Fri,11:00,13:31,84,31
D00147,2026-01-16,4E,Fri,12:21,15:43,150,18
D00148,2026-01-16,4E,Fri,12:52,16:00,117,30
D00149,2026-01-16,3W,Fri,10:41,09:06,75,14
D00150,2026-01-16,4E,Fri,10:31,12:42,71,12
D00151,2026-01-16,5N,Fri,10:35,11:55,28,28
D00152,2026-01-16,3W,Fri,09:59,11:32,24,22
D00153,2026-01-16,5N,Fri,13:46,16:00,67,89
D00154,2026-01-16,6S,Fri,10:47,12:06,,32
D00155,2026-01-16,3W,Fri,11:24,11:51,72,2
D00156,2026-01-16,4E,Fri,11:36,13:46,53,19
D00157,2026-01-16,3W,Fri,10:54,12:40,33,16
D00158,2026-01-16,3W,Fri,11:33,13:21,91,11
D00159,2026-01-16,6S,Fri,07:39,10:33,95,16
D00160,2026-01-16,4E,Fri,12:47,15:50,99,26
D00161,2026-01-16,3W,Fri,12:18,13:04,79,13
D00162,2026-01-17,5N,Sat,09:28,10:52,75,12
D00163,2026-01-17,3W,Sat,11:32,13:53,68,13
D00164,2026-01-17,3W,Sat,13:25,14:34,42,21
D00165,2026-01-17,5N,Sat,08:58,11:25,56,35
D00166,2026-01-17,4E,Sat,14:43,17:30,64,12
D00167,2026-01-18,3W,Sun,09:52,11:28,64,22
D00168,2026-01-18,3W,Sun,11:27,13:33,95,34
D00169,2026-01-18,4E,Sun,09:50,12:54,85,34
D00170,2026-01-18,5N,Sun,10:01,11:37,33,15
D00171,2026-01-18,3W,Sun,10:17,12:00,59,27
D00172,2026-01-18,3W,Sun,09:24,11:09,48,14
D00173,2026-01-18,3W,Sun,11:13,12:39,,8
D00174,2026-01-18,4E,Sun,11:16,14:43,131,30
D00175,2026-01-19,6S,Mon,11:47,16:22,151,16
D00176,2026-01-19,5N,Mon,11:32,14:01,47,23
D00177,2026-01-19,3W,Mon,10:33,12:33,,53
D00178,2026-01-19,6S,Mon,11:11,13:51,49,4
D00179,2026-01-19,3W,Mon,11:48,13:10,51,26
D00180,2026-01-19,3W,Mon,08:56,10:18,26,12
D00181,2026-01-19,3W,Mon,10:56,12:30,65,29
D00182,2026-01-19,4E,Mon,12:39,16:06,105,4
D00183,2026-01-19,3W,Mon,10:50,12:58,44,47
D00184,2026-01-19,6S,Mon,12:36,16:34,140,17
D00185,2026-01-19,6S,Mon,10:22,13:14,68,22
D00186,2026-01-19,4E,Mon,10:43,14:13,100,44
D00187,2026-01-20,3W,Tue,09:54,12:02,24,17
D00188,2026-01-20,5N,Tue,12:36,14:28,48,18
D00189,2026-01-20,3W,Tue,11:39,13:07,70,10
D00190,2026-01-20,5N,Tue,11:23,12:31,93,19
D00191,2026-01-20,6S,Tue,10:33,13:26,99,18
D00192,2026-01-20,4E,Tue,11:32,13:44,31,27
D00193,2026-01-20,3W,Tue,08:12,09:57,65,43
D00194,2026-01-20,4E,Tue,11:22,13:56,66,20
D00195,2026-01-20,6S,Tue,11:14,14:13,123,24
D00196,2026-01-20,5N,Tue,09:23,11:50,17,71
D00197,2026-01-20,5N,Tue,12:29,13:46,57,22
D00198,2026-01-20,3W,Tue,12:14,13:31,38,24
D00199,2026-01-21,6S,Wed,12:06,16:26,114,89
D00200,2026-01-21,5N,Wed,13:09,14:24,33,9
D00201,2026-01-21,3W,Wed,11:34,12:20,42,16
D00202,2026-01-21,5N,Wed,11:58,13:05,97,25
D00203,2026-01-21,3W,Wed,11:28,12:51,36,32
D00204,2026-01-21,4E,Wed,11:09,13:11,56,37
D00205,2026-01-21,5N,Wed,11:33,13:42,54,70
D00206,2026-01-21,6S,Wed,11:29,13:58,76,27
D00207,2026-01-21,3W,Wed,12:04,13:28,70,19
D00208,2026-01-21,3W,Wed,07:35,08:49,84,17
D00209,2026-01-21,3W,Wed,11:00,11:31,43,16
D00210,2026-01-22,6S,Thu,11:26,14:20,52,33
D00211,2026-01-22,3W,Thu,11:51,12:27,55,5
D00212,2026-01-22,5N,Thu,11:07,12:32,24,18
D00213,2026-01-22,6S,Thu,11:49,15:00,139,3
D00214,2026-01-22,6S,Thu,11:30,14:34,95,12
D00215,2026-01-22,5N,Thu,11:45,13:10,78,16
D00216,2026-01-22,4E,Thu,09:48,11:47,71,20
D00217,2026-01-22,6S,Thu,12:24,15:44,119,29
D00218,2026-01-22,6S,Thu,10:29,13:16,88,49
D00219,2026-01-22,5N,Thu,07:00,07:55,44,24
D00220,2026-01-22,3W,Thu,12:11,14:16,65,24
D00221,2026-01-22,3W,Thu,15:15,15:51,32,17
D00222,2026-01-22,6S,Thu,09:54,14:11,88,84
D00223,2026-01-22,6S,Thu,10:06,12:41,54,27
D00224,2026-01-22,5N,Thu,13:34,15:13,46,13
D00225,2026-01-22,3W,Thu,07:07,08:30,53,10
D00226,2026-01-23,6S,Fri,10:49,14:06,115,21
D00227,2026-01-23,4E,Fri,11:53,14:18,90,12
D00228,2026-01-23,6S,Fri,10:24,13:36,87,42
D00229,2026-01-23,6S,Fri,12:44,16:47,163,16
D00230,2026-01-23,3W,Fri,12:18,14:21,55,46
D00231,2026-01-23,4E,Fri,10:00,12:26,79,22
D00232,2026-01-23,3W,Fri,11:06,12:41,82,22
D00233,2026-01-23,4E,Fri,12:50,16:14,112,51
D00234,2026-01-23,3W,Fri,08:31,10:05,57,19
D00235,2026-01-24,3W,Sat,11:28,12:16,32,3
D00236,2026-01-24,6S,Sat,12:28,14:05,45,3
D00237,2026-01-24,3W,Sat,11:30,12:55,76,3
D00238,2026-01-24,5N,Sat,11:56,14:25,45,30
D00239,2026-01-24,3W,Sat,11:38,12:51,66,41
D00240,2026-01-24,4E,Sat,09:14,13:27,163,27
D00241,2026-01-24,4E,Sat,12:03,15:03,94,5
D00242,2026-01-24,4E,Sat,10:59,14:08,126,17
D00243,2026-01-24,6S,Sat,09:56,12:21,70,19
D00244,2026-01-24,3W,Sat,08:41,10:48,45,12
D00245,2026-01-24,6S,Sat,10:15,10:58,,4
D00246,2026-01-25,5N,Sun,10:31,12:30,33,60
D00247,2026-01-25,6S,Sun,10:35,14:39,155,27
D00248,2026-01-25,4E,Sun,08:15,12:33,111,59
D00249,2026-01-25,5N,Sun,10:56,12:07,92,14
D00250,2026-01-25,3W,Sun,11:18,13:05,69,32
D00251,2026-01-25,3W,Sun,14:34,15:29,49,25
D00252,2026-01-26,4E,Mon,11:03,14:45,66,15
D00253,2026-01-26,4E,Mon,11:21,14:59,96,27
D00254,2026-01-26,4E,Mon,09:01,11:14,50,5
D00255,2026-01-26,4E,Mon,14:21,17:13,75,15
D00256,2026-01-26,3W,Mon,10:47,13:07,49,71
D00257,2026-01-26,6S,Mon,11:06,14:13,89,4
D00258,2026-01-26,4E,Mon,11:37,16:58,142,36
D00259,2026-01-26,4E,Mon,11:13,14:47,124,9
D00260,2026-01-26,5N,Mon,08:53,11:33,56,36
D00261,2026-01-26,6S,Mon,10:47,14:06,113,3
D00262,2026-01-26,4E,Mon,10:43,14:05,117,27
D00263,2026-01-26,6S,Mon,11:05,14:30,89,27
D00264,2026-01-26,5N,Mon,11:33,12:43,,14
D00265,2026-01-26,5N,Mon,09:37,12:46,99,39
D00266,2026-01-26,5N,Mon,10:56,12:56,48,40
D00267,2026-01-27,4E,Tue,10:36,14:21,96,48
D00268,2026-01-27,3W,Tue,12:35,13:52,34,16
D00269,2026-01-27,5N,Tue,10:12,12:28,71,42
D00270,2026-01-27,3W,Tue,12:03,12:40,56,15
D00271,2026-01-27,4E,Tue,13:19,16:55,99,62
D00272,2026-01-27,5N,Tue,11:35,13:38,50,34
D00273,2026-01-27,5N,Tue,11:09,11:53,33,15
D00274,2026-01-27,6S,Tue,12:19,14:39,81,0
D00275,2026-01-28,4E,Wed,09:58,12:09,74,30
D00276,2026-01-28,3W,Wed,10:13,11:33,58,20
D00277,2026-01-28,5N,Wed,10:09,12:42,62,71
D00278,2026-01-28,5N,Wed,10:42,12:09,37,21
D00279,2026-01-28,4E,Wed,10:16,13:37,135,36
D00280,2026-01-28,4E,Wed,08:54,11:13,91,14
D00281,2026-01-29,4E,Thu,13:01,16:29,68,82
D00282,2026-01-29,3W,Thu,14:20,16:05,39,44
D00283,2026-01-29,4E,Thu,08:35,12:28,49,100
D00284,2026-01-29,5N,Thu,11:23,13:12,68,15
D00285,2026-01-29,3W,Thu,12:13,13:25,68,10
D00286,2026-01-29,6S,Thu,10:20,12:50,80,12
D00287,2026-01-29,5N,Thu,09:17,11:08,67,27
D00288,2026-01-29,6S,Thu,10:26,14:39,144,40
D00289,2026-01-29,3W,Thu,12:21,12:46,58,12
D00290,2026-01-29,5N,Thu,12:10,13:49,112,3
D00291,2026-01-29,4E,Thu,10:44,12:11,,35
D00292,2026-01-29,4E,Thu,09:18,14:01,192,33
D00293,2026-01-30,6S,Fri,13:08,15:27,90,26
D00294,2026-01-30,5N,Fri,09:24,10:47,61,35
D00295,2026-01-30,3W,Fri,07:50,09:41,58,14
D00296,2026-01-30,3W,Fri,11:43,13:12,21,10
D00297,2026-01-30,5N,Fri,10:17,10:54,,5
D00298,2026-01-30,6S,Fri,10:27,13:45,144,4
D00299,2026-01-31,6S,Sat,10:06,14:03,159,7
D00300,2026-01-31,5N,Sat,13:29,14:40,89,29
D00301,2026-01-31,4E,Sat,13:48,16:26,93,21
D00302,2026-02-01,3W,Sun,11:24,13:15,52,29
D00303,2026-02-01,6S,Sun,10:35,12:44,33,42
D00304,2026-02-01,5N,Sun,10:40,12:22,60,56
D00305,2026-02-01,4E,Sun,12:22,15:19,58,90
D00306,2026-02-01,4E,Sun,11:35,14:58,110,45
D00307,2026-02-01,6S,Sun,12:52,17:00,98,38
D00308,2026-02-01,3W,Sun,11:56,13:39,40,28
D00309,2026-02-01,4E,Sun,11:15,13:55,56,46
D00310,2026-02-01,6S,Sun,11:05,13:32,88,27
D00311,2026-02-01,3W,Sun,14:12,15:40,74,55
D00312,2026-02-01,4E,Sun,10:34,15:48,251,11
D00313,2026-02-02,6S,Mon,12:43,15:03,90,9
D00314,2026-02-02,6S,Mon,10:09,13:32,89,21
D00315,2026-02-02,3W,Mon,09:31,11:37,45,15
D00316,2026-02-02,4E,Mon,09:16,13:30,89,14
D00317,2026-02-02,3W,Mon,10:58,12:00,,22
D00318,2026-02-02,4E,Mon,10:20,13:26,55,59
D00319,2026-02-02,6S,Mon,12:10,15:40,102,14
D00320,2026-02-02,6S,Mon,09:55,14:07,131,30
D00321,2026-02-02,6S,Mon,15:25,19:25,131,18
D00322,2026-02-02,3W,Mon,11:20,13:54,40,31
D00323,2026-02-02,4E,Mon,09:53,12:51,112,6
D00324,2026-02-02,6S,Mon,11:57,15:37,132,11
D00325,2026-02-02,5N,Mon,11:37,13:38,39,4
D00326,2026-02-02,6S,Mon,08:57,13:47,122,65
D00327,2026-02-03,4E,Tue,12:29,15:38,70,77
D00328,2026-02-03,3W,Tue,11:37,13:07,97,26
D00329,2026-02-03,3W,Tue,12:50,13:46,56,38
D00330,2026-02-03,4E,Tue,12:15,13:01,,6
D00331,2026-02-03,5N,Tue,10:39,12:47,87,91
D00332,2026-02-03,6S,Tue,09:25,12:15,89,18
D00333,2026-02-03,6S,Tue,11:03,15:00,133,36
D00334,2026-02-03,4E,Tue,10:17,13:16,95,18
D00335,2026-02-03,4E,Tue,11:33,15:36,86,54
D00336,2026-02-03,6S,Tue,10:38,13:50,62,19
D00337,2026-02-03,3W,Tue,11:59,13:52,52,25
D00338,2026-02-03,3W,Tue,07:33,08:09,66,16
D00339,2026-02-03,6S,Tue,09:40,15:45,245,25
D00340,2026-02-04,3W,Wed,10:00,11:57,48,43
D00341,2026-02-04,3W,Wed,11:10,12:51,43,22
D00342,2026-02-04,6S,Wed,08:34,11:31,92,28
D00343,2026-02-04,3W,Wed,09:37,10:05,77,4
D00344,2026-02-04,3W,Wed,09:18,10:54,62,23
D00345,2026-02-04,4E,Wed,12:14,15:55,128,21
D00346,2026-02-04,6S,Wed,11:39,13:12,57,2
D00347,2026-02-04,6S,Wed,13:13,17:30,165,34
D00348,2026-02-04,6S,Wed,11:29,15:04,111,22
D00349,2026-02-04,4E,Wed,12:08,14:09,89,7
D00350,2026-02-04,3W,Wed,11:52,13:59,49,55
D00351,2026-02-04,6S,Wed,10:19,13:35,91,40
D00352,2026-02-04,5N,Wed,10:53,11:52,59,15
D00353,2026-02-05,5N,Thu,10:13,12:00,42,12
D00354,2026-02-05,6S,Thu,10:35,13:26,116,6
D00355,2026-02-05,4E,Thu,12:42,15:18,56,36
D00356,2026-02-05,3W,Thu,12:41,14:19,39,31
D00357,2026-02-05,3W,Thu,11:28,13:32,,33
D00358,2026-02-05,5N,Thu,11:14,13:08,42,41
D00359,2026-02-05,3W,Thu,10:40,11:53,60,25
D00360,2026-02-05,5N,Thu,10:58,12:54,34,38
D00361,2026-02-05,3W,Thu,08:04,09:58,29,44
D00362,2026-02-05,3W,Thu,10:52,12:14,82,7
D00363,2026-02-05,3W,Thu,11:40,13:10,57,20
D00364,2026-02-05,6S,Thu,10:13,12:55,58,24
D00365,2026-02-05,3W,Thu,14:26,16:06,74,28
D00366,2026-02-05,4E,Thu,10:36,13:32,58,36
D00367,2026-02-05,6S,Thu,14:10,16:49,82,51
D00368,2026-02-05,6S,Thu,13:08,16:35,149,15
D00369,2026-02-05,6S,Thu,10:24,15:15,181,43
D00370,2026-02-05,6S,Thu,09:36,12:38,74,11
D00371,2026-02-06,5N,Fri,07:00,08:24,69,23
D00372,2026-02-06,4E,Fri,09:08,13:28,163,8
D00373,2026-02-06,5N,Fri,12:31,14:08,60,46
D00374,2026-02-06,6S,Fri,10:36,14:24,152,27
D00375,2026-02-06,4E,Fri,11:46,14:58,128,20
D00376,2026-02-06,5N,Fri,09:28,11:02,29,37
D00377,2026-02-06,6S,Fri,13:07,15:02,56,23
D00378,2026-02-06,4E,Fri,11:51,15:19,89,41
D00379,2026-02-06,3W,Fri,12:56,14:13,54,28
D00380,2026-02-06,3W,Fri,10:03,10:57,34,14
D00381,2026-02-06,3W,Fri,10:39,12:46,47,31
D00382,2026-02-06,4E,Fri,11:21,14:27,73,22
D00383,2026-02-06,6S,Fri,08:18,10:23,70,24
D00384,2026-02-06,6S,Fri,10:31,13:25,74,35
D00385,2026-02-07,5N,Sat,09:33,11:03,24,12
D00386,2026-02-07,6S,Sat,11:26,15:05,122,40
D00387,2026-02-07,6S,Sat,13:01,15:32,107,15
D00388,2026-02-07,3W,Sat,11:41,12:39,43,2
D00389,2026-02-07,3W,Sat,10:56,12:41,76,18
D00390,2026-02-07,3W,Sat,10:31,12:29,84,35
D00391,2026-02-08,3W,Sun,12:49,14:27,104,22
D00392,2026-02-08,4E,Sun,08:34,12:16,123,14
D00393,2026-02-08,3W,Sun,11:41,12:47,79,6
D00394,2026-02-08,6S,Sun,09:41,12:35,132,31
D00395,2026-02-08,3W,Sun,10:20,10:40,65,8
D00396,2026-02-08,3W,Sun,10:49,11:52,54,5
D00397,2026-02-08,6S,Sun,10:18,12:49,57,12
D00398,2026-02-08,6S,Sun,12:47,17:02,172,22
D00399,2026-02-09,4E,Mon,12:16,15:14,47,14
D00400,2026-02-09,6S,Mon,10:55,14:52,125,11
D00401,2026-02-09,4E,Mon,10:29,15:26,168,21
D00402,2026-02-09,4E,Mon,11:49,15:40,69,65
D00403,2026-02-09,3W,Mon,10:55,12:47,48,33
D00404,2026-02-09,6S,Mon,13:29,16:45,72,20
D00405,2026-02-09,6S,Mon,11:35,14:18,52,16
D00406,2026-02-09,3W,Mon,11:59,13:54,46,31
D00407,2026-02-09,6S,Mon,11:29,15:47,116,23
D00408,2026-02-09,6S,Mon,10:17,13:47,88,27
D00409,2026-02-09,6S,Mon,11:22,16:22,146,34
D00410,2026-02-09,6S,Mon,10:08,12:03,71,13
D00411,2026-02-09,4E,Mon,13:51,17:12,82,16
D00412,2026-02-09,6S,Mon,10:11,13:22,90,22
D00413,2026-02-09,5N,Mon,09:48,11:25,64,14
D00414,2026-02-10,3W,Tue,11:33,13:55,47,83
D00415,2026-02-10,4E,Tue,13:20,16:31,125,22
D00416,2026-02-10,4E,Tue,11:21,13:55,108,16
D00417,2026-02-10,6S,Tue,07:00,10:52,123,25
D00418,2026-02-10,4E,Tue,09:28,12:13,111,36
D00419,2026-02-10,4E,Tue,11:44,14:35,79,5
D00420,2026-02-10,6S,Tue,11:17,13:18,,29
D00421,2026-02-11,6S,Wed,12:30,15:12,77,15
D00422,2026-02-11,5N,Wed,10:47,12:45,,44
D00423,2026-02-11,6S,Wed,10:46,12:57,64,25
D00424,2026-02-11,5N,Wed,10:51,12:40,36,57
D00425,2026-02-11,6S,Wed,09:29,12:28,78,21
D00426,2026-02-11,4E,Wed,09:56,13:15,99,50
D00427,2026-02-11,6S,Wed,09:15,11:11,44,42
D00428,2026-02-11,6S,Wed,08:39,11:14,53,68
D00429,2026-02-12,5N,Thu,10:53,13:08,59,24
D00430,2026-02-12,5N,Thu,14:03,15:57,71,10
D00431,2026-02-12,5N,Thu,11:52,13:08,88,14
D00432,2026-02-12,6S,Thu,10:06,12:28,76,14
D00433,2026-02-12,4E,Thu,09:37,12:18,99,9
D00434,2026-02-12,3W,Thu,07:52,09:50,28,11
D00435,2026-02-12,3W,Thu,11:09,13:15,68,13
D00436,2026-02-12,6S,Thu,10:01,13:14,103,27
D00437,2026-02-13,6S,Fri,07:41,10:31,96,17
D00438,2026-02-13,5N,Fri,12:33,14:25,42,18
D00439,2026-02-13,3W,Fri,09:09,10:53,132,15
D00440,2026-02-13,4E,Fri,13:35,16:23,,99
D00441,2026-02-13,4E,Fri,11:20,13:57,84,32
D00442,2026-02-13,6S,Fri,11:43,15:10,110,8
D00443,2026-02-13,5N,Fri,10:28,12:04,64,41
D00444,2026-02-13,3W,Fri,09:36,10:55,41,32
D00445,2026-02-13,4E,Fri,10:41,12:44,65,17
D00446,2026-02-13,5N,Fri,10:26,11:10,35,23
D00447,2026-02-13,6S,Fri,11:28,15:44,138,36
D00448,2026-02-13,3W,Fri,11:12,12:48,41,45
D00449,2026-02-13,6S,Fri,11:18,12:38,,15
D00450,2026-02-13,6S,Fri,11:55,14:47,90,13
D00451,2026-02-13,4E,Fri,11:41,16:19,159,19
D00452,2026-02-13,6S,Fri,11:30,15:31,123,56
D00453,2026-02-13,6S,Fri,10:46,14:40,133,25
D00454,2026-02-13,5N,Fri,11:29,12:57,69,5
D00455,2026-02-14,4E,Sat,10:38,12:07,71,15
D00456,2026-02-14,4E,Sat,11:38,14:49,102,29
D00457,2026-02-14,5N,Sat,11:59,13:21,51,23
D00458,2026-02-14,4E,Sat,09:28,12:02,73,3
D00459,2026-02-14,4E,Sat,08:35,12:31,170,19
D00460,2026-02-15,5N,Sun,09:01,11:28,34,15
D00461,2026-02-15,4E,Sun,11:35,13:55,114,19
D00462,2026-02-15,5N,Sun,12:26,14:01,66,48
D00463,2026-02-15,3W,Sun,10:27,12:40,52,33
D00464,2026-02-15,4E,Sun,12:51,15:52,39,42
D00465,2026-02-16,6S,Mon,10:48,14:46,119,30
D00466,2026-02-16,3W,Mon,12:09,14:14,35,30
D00467,2026-02-16,6S,Mon,11:40,14:50,64,25
D00468,2026-02-16,5N,Mon,10:38,12:11,67,12
D00469,2026-02-16,6S,Mon,13:20,17:04,109,13
D00470,2026-02-16,4E,Mon,12:26,16:01,99,14
D00471,2026-02-16,3W,Mon,10:10,11:40,63,8
D00472,2026-02-16,4E,Mon,12:04,16:06,99,37
D00473,2026-02-16,3W,Mon,11:56,16:06,29,106
D00474,2026-02-16,6S,Mon,12:57,16:49,158,10
D00475,2026-02-16,6S,Mon,10:27,13:44,67,21
D00476,2026-02-16,5N,Mon,12:43,14:45,30,24
D00477,2026-02-16,6S,Mon,09:49,13:35,95,28
D00478,2026-02-16,4E,Mon,09:16,12:44,99,8
D00479,2026-02-17,5N,Tue,09:31,11:47,49,33
D00480,2026-02-17,3W,Tue,08:28,10:00,51,9
D00481,2026-02-17,4E,Tue,10:40,11:05,,7
D00482,2026-02-17,5N,Tue,11:00,11:55,,5
D00483,2026-02-17,6S,Tue,11:39,13:40,47,18
D00484,2026-02-17,6S,Tue,11:30,15:03,152,4
D00485,2026-02-17,6S,Tue,10:22,13:45,111,17
D00486,2026-02-17,5N,Tue,10:34,12:09,42,17
D00487,2026-02-17,3W,Tue,11:39,13:09,21,23
D00488,2026-02-17,4E,Tue,10:19,13:35,121,31
D00489,2026-02-18,4E,Wed,12:42,14:47,89,7
D00490,2026-02-18,6S,Wed,11:33,13:37,68,27
D00491,2026-02-18,5N,Wed,10:26,13:05,43,95
D00492,2026-02-18,6S,Wed,10:26,14:26,88,58
D00493,2026-02-18,5N,Wed,10:49,12:06,17,6
D00494,2026-02-18,6S,Wed,09:55,12:38,83,17
D00495,2026-02-18,6S,Wed,10:36,15:52,197,37
D00496,2026-02-18,3W,Wed,12:22,13:53,36,7
D00497,2026-02-18,5N,Wed,09:46,11:19,39,33
D00498,2026-02-18,3W,Wed,12:25,13:45,66,44
D00499,2026-02-19,3W,Thu,11:49,13:09,27,38
D00500,2026-02-19,6S,Thu,09:27,11:59,84,13
D00501,2026-02-19,3W,Thu,10:08,11:51,30,27
D00502,2026-02-19,4E,Thu,13:49,15:44,53,9
D00503,2026-02-19,4E,Thu,13:58,17:38,161,25
D00504,2026-02-19,3W,Thu,14:16,15:17,33,19
D00505,2026-02-19,3W,Thu,11:09,12:39,61,31
D00506,2026-02-19,3W,Thu,11:32,12:46,54,13
D00507,2026-02-19,4E,Thu,11:10,16:16,175,41
D00508,2026-02-19,5N,Thu,10:40,12:10,69,35
D00509,2026-02-20,6S,Fri,12:13,14:44,97,3
D00510,2026-02-20,3W,Fri,12:41,13:57,38,7
D00511,2026-02-20,6S,Fri,09:36,12:39,126,3
D00512,2026-02-20,4E,Fri,10:26,12:37,101,22
D00513,2026-02-20,3W,Fri,11:26,13:53,45,51
D00514,2026-02-20,3W,Fri,10:51,13:04,38,41
D00515,2026-02-20,4E,Fri,11:27,14:43,91,6
D00516,2026-02-20,6S,Fri,14:43,18:07,128,5
D00517,2026-02-20,5N,Fri,09:36,10:42,55,17
D00518,2026-02-20,6S,Fri,09:01,12:15,113,8
D00519,2026-02-20,6S,Fri,09:52,13:07,104,51
D00520,2026-02-20,4E,Fri,12:16,15:12,81,54
D00521,2026-02-20,6S,Fri,09:20,12:57,149,24
D00522,2026-02-20,4E,Fri,12:36,15:58,133,11
D00523,2026-02-20,6S,Fri,08:18,11:27,114,38
D00524,2026-02-20,3W,Fri,09:16,10:05,56,15
D00525,2026-02-21,5N,Sat,13:09,14:50,48,21
D00526,2026-02-21,6S,Sat,09:56,12:45,129,20
D00527,2026-02-21,5N,Sat,08:53,10:34,29,20
D00528,2026-02-21,3W,Sat,10:50,12:54,35,33
D00529,2026-02-21,6S,Sat,10:11,13:20,117,42
D00530,2026-02-22,5N,Sun,11:13,12:14,57,7
D00531,2026-02-22,3W,Sun,14:12,15:50,66,38
D00532,2026-02-22,5N,Sun,10:14,12:34,94,71
D00533,2026-02-22,5N,Sun,09:34,11:09,,15
D00534,2026-02-22,3W,Sun,09:17,10:03,80,19
D00535,2026-02-22,3W,Sun,08:48,10:48,59,39
D00536,2026-02-22,3W,Sun,10:59,13:06,80,29
D00537,2026-02-22,5N,Sun,10:57,13:39,118,79
D00538,2026-02-22,3W,Sun,09:33,11:07,89,12
D00539,2026-02-22,3W,Sun,10:14,11:24,54,14
D00540,2026-02-23,4E,Mon,12:57,15:44,88,35
D00541,2026-02-23,4E,Mon,10:09,13:51,128,7
D00542,2026-02-23,3W,Mon,10:49,12:24,36,16
D00543,2026-02-23,3W,Mon,13:22,15:59,44,2
D00544,2026-02-23,6S,Mon,09:36,14:13,88,68
D00545,2026-02-23,4E,Mon,12:25,16:28,104,18
D00546,2026-02-23,6S,Mon,11:19,14:40,103,17
D00547,2026-02-23,6S,Mon,10:36,14:36,131,7
D00548,2026-02-23,3W,Mon,10:33,12:31,48,29
D00549,2026-02-23,5N,Mon,11:27,13:26,49,21
D00550,2026-02-23,5N,Mon,09:48,11:39,44,17
D00551,2026-02-23,3W,Mon,12:43,14:45,41,22
D00552,2026-02-23,6S,Mon,11:38,14:26,67,53
D00553,2026-02-23,4E,Mon,09:41,13:50,131,21
D00554,2026-02-23,3W,Mon,09:51,12:45,46,5
D00555,2026-02-23,5N,Mon,13:16,14:46,31,12
D00556,2026-02-23,3W,Mon,09:43,11:21,36,28
D00557,2026-02-23,6S,Mon,08:36,12:03,106,34
D00558,2026-02-23,4E,Mon,09:44,13:42,155,9
D00559,2026-02-24,5N,Tue,12:51,14:48,77,27
D00560,2026-02-24,3W,Tue,12:41,13:59,47,9
D00561,2026-02-24,3W,Tue,08:58,09:53,30,14
D00562,2026-02-24,3W,Tue,09:18,10:50,26,15
D00563,2026-02-24,3W,Tue,09:15,11:37,26,100
D00564,2026-02-24,4E,Tue,10:41,14:18,57,81
D00565,2026-02-24,5N,Tue,13:52,15:32,71,52
D00566,2026-02-24,4E,Tue,09:09,12:23,106,47
D00567,2026-02-24,4E,Tue,11:17,14:33,86,29
D00568,2026-02-24,3W,Tue,09:20,11:06,59,16
D00569,2026-02-24,3W,Tue,09:29,10:19,55,11
D00570,2026-02-24,5N,Tue,10:11,12:08,54,11
D00571,2026-02-24,3W,Tue,11:17,12:03,45,35
D00572,2026-02-24,4E,Tue,10:24,11:51,,19
D00573,2026-02-25,4E,Wed,11:05,13:51,58,52
D00574,2026-02-25,4E,Wed,11:38,15:11,133,28
D00575,2026-02-25,4E,Wed,16:00,18:27,90,16
D00576,2026-02-25,3W,Wed,07:15,09:04,42,35
D00577,2026-02-25,4E,Wed,11:01,12:56,59,20
D00578,2026-02-25,3W,Wed,12:08,13:33,100,22
D00579,2026-02-25,6S,Wed,12:53,15:42,122,10
D00580,2026-02-25,5N,Wed,12:49,14:30,48,28
D00581,2026-02-25,5N,Wed,10:36,12:36,52,26
D00582,2026-02-25,4E,Wed,09:48,14:34,134,97
D00583,2026-02-25,4E,Wed,09:52,12:41,91,13
D00584,2026-02-25,3W,Wed,09:16,11:08,26,50
D00585,2026-02-25,6S,Wed,09:18,12:16,105,26
D00586,2026-02-25,4E,Wed,10:11,13:05,97,21
D00587,2026-02-26,3W,Thu,10:14,10:52,53,19
D00588,2026-02-26,6S,Thu,11:33,15:14,159,4
D00589,2026-02-26,3W,Thu,13:29,15:11,68,16
D00590,2026-02-26,4E,Thu,12:18,13:38,,44
D00591,2026-02-26,5N,Thu,12:10,13:59,34,48
D00592,2026-02-26,4E,Thu,10:19,13:54,111,29
D00593,2026-02-26,4E,Thu,09:24,12:47,165,16
D00594,2026-02-26,3W,Thu,11:53,13:47,43,45
D00595,2026-02-26,5N,Thu,11:02,11:32,58,14
D00596,2026-02-26,6S,Thu,12:50,14:37,67,18
D00597,2026-02-26,5N,Thu,07:08,09:23,44,61
D00598,2026-02-26,4E,Thu,12:20,16:28,173,20
D00599,2026-02-27,4E,Fri,11:29,14:07,90,34
D00600,2026-02-27,3W,Fri,11:55,13:02,52,10
D00601,2026-02-27,3W,Fri,11:29,12:52,41,10
D00602,2026-02-27,5N,Fri,12:54,13:37,42,15
D00603,2026-02-27,5N,Fri,11:23,12:34,48,26
D00604,2026-02-27,4E,Fri,10:39,12:18,,1
D00605,2026-02-27,3W,Fri,14:12,15:14,56,3
D00606,2026-02-27,6S,Fri,09:49,12:33,70,9
D00607,2026-02-27,5N,Fri,10:34,12:25,51,44
D00608,2026-02-27,6S,Fri,11:43,14:00,49,20
D00609,2026-02-27,6S,Fri,08:50,10:28,46,10
D00610,2026-02-27,6S,Fri,09:21,10:38,,4
D00611,2026-02-27,3W,Fri,14:52,16:48,28,29
D00612,2026-02-27,6S,Fri,11:14,14:36,100,24
D00613,2026-02-27,4E,Fri,12:05,13:43,53,27
D00614,2026-02-27,3W,Fri,10:59,12:52,52,10
D00615,2026-02-27,3W,Fri,10:05,11:14,36,16
D00616,2026-02-27,6S,Fri,12:43,16:07,151,33
D00617,2026-02-27,5N,Fri,11:45,12:53,60,29
D00618,2026-02-28,6S,Sat,10:27,13:25,86,40
D00619,2026-02-28,5N,Sat,11:30,11:52,50,11
D00620,2026-02-28,5N,Sat,13:50,14:49,48,49
D00621,2026-02-28,4E,Sat,11:34,15:36,111,54
D00622,2026-02-28,3W,Sat,14:22,15:33,46,10
D00623,2026-02-28,3W,Sat,11:40,13:50,73,28
D00624,2026-02-28,4E,Sat,11:00,14:49,132,21
D00625,2026-02-28,4E,Sat,14:37,18:20,122,15
D00626,2026-02-28,3W,Sat,09:31,11:03,32,45
D00627,2026-03-01,4E,Sun,10:47,13:30,53,33
D00628,2026-03-01,3W,Sun,11:35,12:47,55,13
D00629,2026-03-01,3W,Sun,10:11,11:19,44,7
D00630,2026-03-01,3W,Sun,11:36,12:47,59,16
D00631,2026-03-01,6S,Sun,13:06,15:54,120,9
D00632,2026-03-01,3W,Sun,11:14,12:33,49,22
D00633,2026-03-01,5N,Sun,11:50,13:23,86,11
D00634,2026-03-02,3W,Mon,09:28,11:55,22,40
D00635,2026-03-02,5N,Mon,11:07,12:47,52,18
D00636,2026-03-02,3W,Mon,11:54,13:41,42,12
D00637,2026-03-02,4E,Mon,11:46,14:34,74,6
D00638,2026-03-02,3W,Mon,11:46,13:59,76,14
D00639,2026-03-02,4E,Mon,11:50,14:45,82,19
D00640,2026-03-02,6S,Mon,10:02,13:35,128,22
D00641,2026-03-02,6S,Mon,08:28,12:27,116,8
D00642,2026-03-02,6S,Mon,10:33,14:40,146,32
D00643,2026-03-02,3W,Mon,08:16,11:02,41,32
D00644,2026-03-02,5N,Mon,10:36,13:33,62,34
D00645,2026-03-02,4E,Mon,12:49,15:58,77,32
D00646,2026-03-02,6S,Mon,10:03,14:22,198,3
D00647,2026-03-02,3W,Mon,12:59,15:12,71,29
D00648,2026-03-02,5N,Mon,10:14,12:34,63,29
D00649,2026-03-02,6S,Mon,11:13,13:37,52,6
D00650,2026-03-02,6S,Mon,12:05,15:05,89,13
D00651,2026-03-02,4E,Mon,10:14,12:27,49,14
D00652,2026-03-02,4E,Mon,12:25,18:27,235,61
D00653,2026-03-02,6S,Mon,13:14,18:23,175,25
D00654,2026-03-02,3W,Mon,08:11,09:39,30,8
D00655,2026-03-03,5N,Tue,08:46,11:06,70,41
D00656,2026-03-03,4E,Tue,07:27,09:48,48,18
D00657,2026-03-03,5N,Tue,10:52,12:03,28,6
D00658,2026-03-03,5N,Tue,11:08,13:01,57,24
D00659,2026-03-03,3W,Tue,10:29,12:01,69,23
D00660,2026-03-03,4E,Tue,11:26,14:18,120,1
D00661,2026-03-03,3W,Tue,11:28,13:16,22,8
D00662,2026-03-03,6S,Tue,11:05,14:26,114,16
D00663,2026-03-03,4E,Tue,10:00,12:00,70,47
D00664,2026-03-03,4E,Tue,11:55,14:50,108,15
D00665,2026-03-03,6S,Tue,11:32,14:50,145,9
D00666,2026-03-03,6S,Tue,12:13,14:17,60,30
D00667,2026-03-03,4E,Tue,08:33,10:11,41,5
D00668,2026-03-03,4E,Tue,08:22,10:45,103,16
D00669,2026-03-04,5N,Wed,10:42,11:50,51,25
D00670,2026-03-04,6S,Wed,13:07,14:53,36,12
D00671,2026-03-04,5N,Wed,14:01,15:09,58,26
D00672,2026-03-04,3W,Wed,12:54,14:25,58,21
D00673,2026-03-04,4E,Wed,12:35,15:24,73,53
D00674,2026-03-04,6S,Wed,09:43,12:33,61,62
D00675,2026-03-04,3W,Wed,13:44,15:10,40,46
D00676,2026-03-04,4E,Wed,11:08,14:19,123,16
D00677,2026-03-04,4E,Wed,12:54,15:15,77,27
D00678,2026-03-04,5N,Wed,10:25,11:49,69,44
D00679,2026-03-04,6S,Wed,11:24,13:51,78,9
D00680,2026-03-04,5N,Wed,10:48,12:21,84,76
D00681,2026-03-05,6S,Thu,11:08,13:02,46,6
D00682,2026-03-05,3W,Thu,09:44,11:22,45,20
D00683,2026-03-05,5N,Thu,09:13,10:30,42,25
D00684,2026-03-05,6S,Thu,12:37,14:37,51,15
D00685,2026-03-05,5N,Thu,11:11,11:59,21,24
D00686,2026-03-05,3W,Thu,09:52,12:04,65,64
D00687,2026-03-05,4E,Thu,14:43,18:30,98,18
D00688,2026-03-05,6S,Thu,09:05,10:52,36,38
D00689,2026-03-05,4E,Thu,10:01,14:24,194,31
D00690,2026-03-05,5N,Thu,08:54,10:13,87,30
D00691,2026-03-05,3W,Thu,10:07,12:05,58,25
D00692,2026-03-05,4E,Thu,12:38,17:00,157,33
D00693,2026-03-05,3W,Thu,10:56,12:46,,24
D00694,2026-03-05,4E,Thu,08:04,11:01,108,8
D00695,2026-03-05,4E,Thu,15:21,17:27,60,14
D00696,2026-03-05,6S,Thu,10:50,13:24,85,31
D00697,2026-03-06,6S,Fri,10:11,13:21,97,46
D00698,2026-03-06,3W,Fri,09:58,11:02,43,9
D00699,2026-03-06,5N,Fri,11:38,13:08,45,29
D00700,2026-03-06,6S,Fri,12:05,14:15,114,7
D00701,2026-03-06,6S,Fri,09:28,13:58,173,33
D00702,2026-03-06,4E,Fri,08:22,10:47,80,13
D00703,2026-03-06,5N,Fri,12:24,13:43,36,18
D00704,2026-03-06,6S,Fri,11:20,14:26,110,21
D00705,2026-03-06,6S,Fri,11:10,15:34,165,15
D00706,2026-03-06,6S,Fri,08:53,12:10,141,11
D00707,2026-03-06,6S,Fri,09:58,14:19,132,36
D00708,2026-03-06,4E,Fri,11:51,15:36,76,70
D00709,2026-03-06,4E,Fri,10:44,12:40,,33
D00710,2026-03-06,6S,Fri,10:09,13:59,147,65
D00711,2026-03-07,4E,Sat,08:09,09:53,29,17
D00712,2026-03-07,4E,Sat,12:19,15:00,138,38
D00713,2026-03-07,6S,Sat,09:57,13:02,137,3
D00714,2026-03-07,6S,Sat,08:09,11:28,137,20
D00715,2026-03-08,4E,Sun,14:51,16:11,66,16
D00716,2026-03-08,4E,Sun,10:19,14:04,165,24
D00717,2026-03-08,6S,Sun,09:22,11:29,54,34
D00718,2026-03-08,3W,Sun,12:14,13:07,61,26
D00719,2026-03-08,4E,Sun,14:51,18:23,166,21
D00720,2026-03-08,6S,Sun,11:20,14:13,88,20
D00721,2026-03-08,5N,Sun,10:52,11:58,33,25
D00722,2026-03-09,6S,Mon,10:14,13:53,114,16
D00723,2026-03-09,6S,Mon,09:43,12:52,74,23
D00724,2026-03-09,4E,Mon,12:11,16:21,108,23
D00725,2026-03-09,5N,Mon,11:20,13:52,70,44
D00726,2026-03-09,3W,Mon,10:26,13:08,37,30
D00727,2026-03-09,3W,Mon,11:45,14:20,59,36
D00728,2026-03-09,6S,Mon,08:25,12:40,129,27
D00729,2026-03-09,4E,Mon,10:24,13:59,68,23
D00730,2026-03-09,4E,Mon,09:41,13:33,132,15
D00731,2026-03-09,4E,Mon,12:28,14:30,37,28
D00732,2026-03-09,6S,Mon,12:31,16:59,160,24
D00733,2026-03-10,6S,Tue,10:15,14:09,126,32
D00734,2026-03-10,3W,Tue,11:16,12:29,,12
D00735,2026-03-10,6S,Tue,09:05,12:46,116,41
D00736,2026-03-10,3W,Tue,12:13,13:56,63,14
D00737,2026-03-10,6S,Tue,11:52,16:07,157,20
D00738,2026-03-10,3W,Tue,11:52,13:48,33,34
D00739,2026-03-10,5N,Tue,09:37,11:05,78,24
D00740,2026-03-10,5N,Tue,09:52,11:09,58,20
D00741,2026-03-10,4E,Tue,07:54,11:47,134,54
D00742,2026-03-10,3W,Tue,11:22,12:28,45,18
D00743,2026-03-10,6S,Tue,10:08,12:15,82,27
D00744,2026-03-10,4E,Tue,12:22,15:07,82,33
D00745,2026-03-10,3W,Tue,11:28,13:25,82,52
D00746,2026-03-11,6S,Wed,09:44,12:33,96,2
D00747,2026-03-11,3W,Wed,12:45,14:09,42,10
D00748,2026-03-11,4E,Wed,09:31,12:33,117,19
D00749,2026-03-11,6S,Wed,11:43,14:53,153,29
D00750,2026-03-11,5N,Wed,12:25,15:12,44,59
D00751,2026-03-11,4E,Wed,12:11,15:20,85,17
D00752,2026-03-11,4E,Wed,12:22,14:07,46,18
D00753,2026-03-11,6S,Wed,09:01,13:04,195,23
D00754,2026-03-11,3W,Wed,11:14,13:30,45,48
D00755,2026-03-11,3W,Wed,07:00,08:21,52,8
D00756,2026-03-11,6S,Wed,10:41,13:23,93,33
D00757,2026-03-12,3W,Thu,12:26,13:23,101,15
D00758,2026-03-12,5N,Thu,13:08,15:29,82,61
D00759,2026-03-12,5N,Thu,12:40,13:35,59,7
D00760,2026-03-12,4E,Thu,12:19,15:40,148,20
D00761,2026-03-12,3W,Thu,09:11,10:46,,44
D00762,2026-03-13,5N,Fri,11:57,14:11,66,53
D00763,2026-03-13,3W,Fri,11:20,12:40,49,26
D00764,2026-03-13,3W,Fri,12:16,13:48,75,31
D00765,2026-03-13,4E,Fri,11:25,13:32,57,44
D00766,2026-03-13,6S,Fri,12:27,16:06,105,24
D00767,2026-03-13,3W,Fri,10:54,11:51,83,8
D00768,2026-03-13,6S,Fri,10:44,16:09,195,42
D00769,2026-03-13,4E,Fri,10:57,13:48,104,2
D00770,2026-03-14,5N,Sat,13:40,15:16,47,33
D00771,2026-03-14,4E,Sat,09:53,13:27,91,25
D00772,2026-03-14,3W,Sat,11:19,12:47,46,16
D00773,2026-03-14,3W,Sat,11:44,13:10,59,21
D00774,2026-03-14,5N,Sat,12:13,13:50,66,30
D00775,2026-03-14,6S,Sat,08:30,10:49,71,4
D00776,2026-03-14,3W,Sat,10:33,13:06,79,37
D00777,2026-03-14,4E,Sat,09:25,12:43,117,10
D00778,2026-03-14,5N,Sat,11:44,12:44,40,21
D00779,2026-03-14,3W,Sat,12:12,13:26,39,31
D00780,2026-03-15,3W,Sun,12:36,13:45,69,47
D00781,2026-03-15,4E,Sun,11:23,13:31,,69
D00782,2026-03-15,4E,Sun,12:16,15:08,93,33
D00783,2026-03-15,3W,Sun,09:46,11:17,92,10
D00784,2026-03-15,6S,Sun,09:56,13:14,94,28
D00785,2026-03-15,6S,Sun,12:00,15:32,62,48
D00786,2026-03-15,3W,Sun,11:03,12:01,,22
D00787,2026-03-16,5N,Mon,13:25,16:13,32,19
D00788,2026-03-16,4E,Mon,10:01,13:11,101,25
D00789,2026-03-16,4E,Mon,10:12,14:10,81,15
D00790,2026-03-16,3W,Mon,09:58,12:21,54,25
D00791,2026-03-16,4E,Mon,11:13,15:37,130,28
D00792,2026-03-16,5N,Mon,08:51,11:12,39,26
D00793,2026-03-16,3W,Mon,11:24,13:27,62,23
D00794,2026-03-16,6S,Mon,13:31,18:38,165,28
D00795,2026-03-16,3W,Mon,12:19,14:56,45,39
D00796,2026-03-16,5N,Mon,13:28,15:03,,12
D00797,2026-03-16,3W,Mon,10:31,11:07,42,11
D00798,2026-03-16,4E,Mon,10:59,15:14,161,14
D00799,2026-03-16,3W,Mon,07:44,09:33,42,10
D00800,2026-03-16,3W,Mon,09:56,12:14,71,6
D00801,2026-03-17,3W,Tue,10:24,11:56,74,20
D00802,2026-03-17,6S,Tue,12:19,15:05,92,12
D00803,2026-03-17,3W,Tue,11:51,13:58,54,27
D00804,2026-03-17,4E,Tue,13:14,17:47,181,12
D00805,2026-03-17,6S,Tue,13:19,16:41,109,69
D00806,2026-03-17,3W,Tue,08:44,09:44,29,6
D00807,2026-03-17,3W,Tue,11:24,12:55,46,31
D00808,2026-03-17,3W,Tue,12:47,15:21,127,58
D00809,2026-03-17,3W,Tue,09:56,12:14,46,81
D00810,2026-03-17,6S,Tue,13:03,16:12,159,33
D00811,2026-03-17,3W,Tue,12:55,14:21,49,52
D00812,2026-03-17,5N,Tue,10:22,12:21,69,17
D00813,2026-03-17,6S,Tue,12:18,13:20,54,22
D00814,2026-03-17,4E,Tue,12:07,15:14,74,30
D00815,2026-03-17,6S,Tue,07:04,09:30,133,17
D00816,2026-03-17,3W,Tue,07:42,09:27,61,3
D00817,2026-03-18,3W,Wed,13:17,14:22,52,4
D00818,2026-03-18,3W,Wed,12:12,12:55,105,1
D00819,2026-03-18,6S,Wed,11:33,14:36,113,15
D00820,2026-03-18,5N,Wed,09:21,10:57,49,2
D00821,2026-03-18,4E,Wed,10:03,12:33,79,27
D00822,2026-03-18,3W,Wed,10:52,12:03,64,6
D00823,2026-03-18,4E,Wed,13:33,17:37,120,53
D00824,2026-03-18,5N,Wed,09:04,10:45,66,27
D00825,2026-03-18,6S,Wed,10:37,14:38,180,43
D00826,2026-03-18,6S,Wed,10:19,14:00,133,21
D00827,2026-03-19,3W,Thu,10:42,12:12,78,23
D00828,2026-03-19,5N,Thu,08:06,09:54,,24
D00829,2026-03-19,6S,Thu,13:22,14:57,42,18
D00830,2026-03-19,3W,Thu,09:12,10:23,44,12
D00831,2026-03-19,3W,Thu,10:56,12:16,43,61
D00832,2026-03-19,6S,Thu,11:37,14:53,72,31
D00833,2026-03-19,3W,Thu,10:40,11:45,24,11
D00834,2026-03-19,6S,Thu,11:25,14:32,47,61
D00835,2026-03-19,4E,Thu,13:53,17:03,111,1
D00836,2026-03-19,5N,Thu,10:18,12:01,62,27
D00837,2026-03-19,4E,Thu,09:54,13:25,92,72
D00838,2026-03-19,6S,Thu,14:18,16:58,77,38
D00839,2026-03-19,4E,Thu,09:38,11:55,85,9
D00840,2026-03-20,6S,Fri,11:54,15:33,143,17
D00841,2026-03-20,6S,Fri,13:16,16:21,101,25
D00842,2026-03-20,3W,Fri,10:37,11:19,67,11
D00843,2026-03-20,3W,Fri,16:00,18:04,54,46
D00844,2026-03-20,6S,Fri,09:01,12:06,87,42
D00845,2026-03-20,4E,Fri,07:21,10:34,120,34
D00846,2026-03-20,6S,Fri,09:21,10:52,60,18
D00847,2026-03-20,5N,Fri,13:38,15:33,38,30
D00848,2026-03-20,3W,Fri,12:42,13:56,59,9
D00849,2026-03-20,3W,Fri,11:32,13:32,31,4
D00850,2026-03-20,4E,Fri,11:15,14:18,139,18
D00851,2026-03-20,5N,Fri,09:32,10:35,72,18
D00852,2026-03-20,4E,Fri,09:28,13:20,166,15
D00853,2026-03-21,4E,Sat,12:02,15:04,102,37
D00854,2026-03-21,5N,Sat,12:32,13:56,26,27
D00855,2026-03-21,6S,Sat,10:03,13:12,109,51
D00856,2026-03-21,5N,Sat,07:48,09:43,79,12
D00857,2026-03-21,5N,Sat,10:35,12:25,97,50
D00858,2026-03-21,4E,Sat,10:31,15:03,174,29
D00859,2026-03-21,6S,Sat,13:40,17:17,116,23
D00860,2026-03-21,4E,Sat,12:25,13:52,,16
D00861,2026-03-21,3W,Sat,09:14,10:30,59,15
D00862,2026-03-21,5N,Sat,10:09,12:09,54,34
D00863,2026-03-22,3W,Sun,10:48,13:23,93,70
D00864,2026-03-22,6S,Sun,11:23,14:56,136,14
D00865,2026-03-22,4E,Sun,13:36,16:59,117,11
D00866,2026-03-22,3W,Sun,09:33,10:53,46,23
D00867,2026-03-22,3W,Sun,09:04,10:27,41,17
D00868,2026-03-22,6S,Sun,10:33,14:35,117,20
D00869,2026-03-23,6S,Mon,10:13,12:06,,4
D00870,2026-03-23,6S,Mon,12:07,15:28,109,32
D00871,2026-03-23,3W,Mon,13:14,14:55,66,5
D00872,2026-03-23,4E,Mon,14:03,17:32,112,11
D00873,2026-03-23,6S,Mon,09:43,13:16,131,12
D00874,2026-03-23,3W,Mon,09:23,11:48,60,14
D00875,2026-03-23,4E,Mon,12:15,16:56,89,63
D00876,2026-03-23,5N,Mon,09:38,11:51,103,6
D00877,2026-03-24,6S,Tue,11:06,12:21,,22
D00878,2026-03-24,6S,Tue,10:21,12:37,79,16
D00879,2026-03-24,3W,Tue,11:04,12:03,30,14
D00880,2026-03-24,3W,Tue,12:56,14:50,49,39
D00881,2026-03-24,6S,Tue,09:54,11:50,64,10
D00882,2026-03-24,6S,Tue,11:28,14:19,113,25
D00883,2026-03-24,3W,Tue,11:31,13:10,73,39
D00884,2026-03-24,3W,Tue,10:16,11:20,66,10
D00885,2026-03-24,5N,Tue,11:09,12:09,53,8
D00886,2026-03-24,4E,Tue,11:47,14:16,69,26
D00887,2026-03-24,5N,Tue,11:42,13:57,128,35
D00888,2026-03-24,3W,Tue,09:05,10:06,26,13
D00889,2026-03-24,3W,Tue,11:37,13:23,80,28
D00890,2026-03-25,4E,Wed,12:02,16:00,170,23
D00891,2026-03-25,6S,Wed,11:39,14:10,64,10
D00892,2026-03-25,3W,Wed,14:35,15:44,53,18
D00893,2026-03-25,6S,Wed,07:31,09:01,73,15
D00894,2026-03-25,3W,Wed,10:37,11:44,,38
D00895,2026-03-25,6S,Wed,08:24,11:00,118,13
D00896,2026-03-25,6S,Wed,10:13,13:55,134,16
D00897,2026-03-26,3W,Thu,07:51,10:05,32,52
D00898,2026-03-26,3W,Thu,08:13,09:43,93,10
D00899,2026-03-26,4E,Thu,10:07,13:19,157,6
D00900,2026-03-26,3W,Thu,13:43,16:24,72,86
D00901,2026-03-26,3W,Thu,10:11,11:21,50,0
D00902,2026-03-26,6S,Thu,12:11,14:39,51,30
D00903,2026-03-26,3W,Thu,11:13,13:06,88,28
D00904,2026-03-26,4E,Thu,10:03,12:10,76,34
D00905,2026-03-26,5N,Thu,12:46,14:04,55,14
D00906,2026-03-26,6S,Thu,08:36,12:11,135,19
D00907,2026-03-26,4E,Thu,12:15,15:58,144,12
D00908,2026-03-26,3W,Thu,10:35,12:37,46,31
D00909,2026-03-26,5N,Thu,10:52,12:06,31,16
D00910,2026-03-26,3W,Thu,15:06,16:04,52,40
D00911,2026-03-27,6S,Fri,10:05,15:01,166,31
D00912,2026-03-27,4E,Fri,12:08,14:21,95,6
D00913,2026-03-27,3W,Fri,11:03,12:12,83,24
D00914,2026-03-27,4E,Fri,13:11,16:52,119,27
D00915,2026-03-27,4E,Fri,12:33,16:33,107,43
D00916,2026-03-27,5N,Fri,11:02,12:23,59,34
D00917,2026-03-27,6S,Fri,10:41,12:58,70,21
D00918,2026-03-27,4E,Fri,12:27,15:08,59,56
D00919,2026-03-27,6S,Fri,11:47,14:11,110,26
D00920,2026-03-27,4E,Fri,09:12,12:29,94,6
D00921,2026-03-27,6S,Fri,11:25,13:59,73,36
D00922,2026-03-27,6S,Fri,07:21,12:12,154,58
D00923,2026-03-27,4E,Fri,10:26,13:53,81,50
D00924,2026-03-27,5N,Fri,08:46,09:44,30,10
D00925,2026-03-28,4E,Sat,10:41,13:27,94,27
D00926,2026-03-28,6S,Sat,11:46,13:06,,22
D00927,2026-03-28,3W,Sat,08:55,10:30,30,40
D00928,2026-03-29,6S,Sun,13:22,17:00,113,38
D00929,2026-03-29,6S,Sun,08:28,12:49,198,15
D00930,2026-03-29,5N,Sun,13:43,15:57,69,79
D00931,2026-03-29,3W,Sun,11:25,12:32,38,10
D00932,2026-03-29,6S,Sun,11:28,15:19,112,9
D00933,2026-03-30,3W,Mon,09:34,11:57,46,43
D00934,2026-03-30,5N,Mon,09:49,12:49,57,68
D00935,2026-03-30,6S,Mon,12:30,15:44,88,17
D00936,2026-03-30,4E,Mon,09:27,13:07,89,24
D00937,2026-03-30,4E,Mon,09:47,11:10,,29
D00938,2026-03-30,6S,Mon,09:03,13:16,133,21
D00939,2026-03-30,5N,Mon,12:31,15:09,42,72
D00940,2026-03-30,3W,Mon,11:39,13:13,67,11
D00941,2026-03-30,3W,Mon,11:09,13:49,118,34
D00942,2026-03-30,3W,Mon,11:16,13:42,47,28
D00943,2026-03-30,4E,Mon,12:36,15:04,92,6
D00944,2026-03-30,3W,Mon,11:19,13:23,65,3
D00945,2026-03-30,3W,Mon,09:56,12:30,58,33
D00946,2026-03-30,4E,Mon,16:00,18:45,94,3
D00947,2026-03-30,5N,Mon,12:10,14:51,54,21
D00948,2026-03-30,4E,Mon,10:39,14:04,65,35
D00949,2026-03-31,4E,Tue,10:52,14:28,132,19
D00950,2026-03-31,6S,Tue,13:02,14:33,,20
D00951,2026-03-31,5N,Tue,08:21,09:49,79,8
D00952,2026-03-31,5N,Tue,09:54,10:56,50,21
D00953,2026-03-31,3W,Tue,10:44,11:54,60,17
D00954,2026-03-31,4E,Tue,09:02,12:00,107,9
D00955,2026-03-31,3W,Tue,11:23,13:12,25,20
D00956,2026-03-31,5N,Tue,13:20,15:28,38,65
D00957,2026-03-31,6S,Tue,11:38,13:39,86,9
D00958,2026-03-31,3W,Tue,11:22,12:34,38,15
D00959,2026-03-31,4E,Tue,07:00,10:28,132,17
D00960,2026-03-31,4E,Tue,10:55,14:16,137,31
D00961,2026-04-01,6S,Wed,11:35,13:23,41,5
D00962,2026-04-01,4E,Wed,08:51,11:52,75,36
D00963,2026-04-01,3W,Wed,10:25,12:43,37,65
D00964,2026-04-01,5N,Wed,09:23,10:47,77,26
D00965,2026-04-01,5N,Wed,08:26,10:06,42,43
D00966,2026-04-01,3W,Wed,10:35,11:34,62,22
D00967,2026-04-01,3W,Wed,09:15,10:49,82,24
D00968,2026-04-01,4E,Wed,10:02,13:58,107,36
D00969,2026-04-01,3W,Wed,12:57,14:00,59,2
D00970,2026-04-01,3W,Wed,11:17,12:42,110,5
D00971,2026-04-01,6S,Wed,12:00,14:37,80,19
D00972,2026-04-01,4E,Wed,10:19,14:29,121,41
D00973,2026-04-01,6S,Wed,09:15,11:58,110,13
D00974,2026-04-01,3W,Wed,11:12,12:33,49,26
D00975,2026-04-01,4E,Wed,12:40,15:08,63,19
D00976,2026-04-01,4E,Wed,09:25,12:08,92,1
D00977,2026-04-01,6S,Wed,13:27,16:17,97,1
D00978,2026-04-02,3W,Thu,11:22,13:31,36,45
D00979,2026-04-02,3W,Thu,10:30,11:49,98,6
D00980,2026-04-02,5N,Thu,11:53,13:09,,25
D00981,2026-04-02,5N,Thu,08:56,10:36,42,50
D00982,2026-04-02,5N,Thu,11:12,13:04,83,32
D00983,2026-04-02,6S,Thu,12:00,15:39,128,42
D00984,2026-04-02,3W,Thu,08:48,09:33,33,9
D00985,2026-04-03,3W,Fri,08:42,09:35,37,13
D00986,2026-04-03,5N,Fri,11:48,12:47,33,6
D00987,2026-04-03,4E,Fri,11:34,14:15,99,38
D00988,2026-04-03,6S,Fri,12:20,16:51,170,28
D00989,2026-04-03,3W,Fri,09:43,10:56,80,37
D00990,2026-04-03,5N,Fri,11:41,13:34,31,32
D00991,2026-04-03,4E,Fri,12:14,15:19,104,39
D00992,2026-04-03,6S,Fri,13:25,16:28,101,52
D00993,2026-04-03,5N,Fri,11:48,12:15,24,22
D00994,2026-04-03,6S,Fri,12:31,16:00,113,18
D00995,2026-04-03,5N,Fri,08:44,10:22,23,20
D00996,2026-04-03,5N,Fri,11:53,12:33,24,0
D00997,2026-04-03,6S,Fri,11:45,15:20,107,27
D00998,2026-04-03,3W,Fri,13:18,14:05,60,16
D00999,2026-04-03,5N,Fri,11:36,12:14,45,11
D01000,2026-04-04,5N,Sat,09:31,10:57,51,10
D01001,2026-04-04,6S,Sat,12:22,14:47,100,45
D01002,2026-04-04,4E,Sat,10:37,12:41,65,5
D01003,2026-04-04,3W,Sat,08:40,09:23,77,4
D01004,2026-04-04,6S,Sat,11:50,14:48,86,54
D01005,2026-04-05,6S,Sun,08:59,12:34,109,70
D01006,2026-04-05,6S,Sun,12:51,16:05,91,62
D01007,2026-04-05,4E,Sun,12:21,14:31,66,13
D01008,2026-04-05,4E,Sun,10:02,11:31,52,8
D01009,2026-04-06,5N,Mon,09:12,10:36,,18
D01010,2026-04-06,4E,Mon,11:01,13:50,126,3
D01011,2026-04-06,5N,Mon,10:40,12:59,41,14
D01012,2026-04-06,6S,Mon,10:25,13:52,107,2
D01013,2026-04-06,4E,Mon,07:53,11:28,81,43
D01014,2026-04-06,6S,Mon,11:30,14:48,63,19
D01015,2026-04-06,3W,Mon,10:04,12:50,48,42
D01016,2026-04-06,6S,Mon,09:59,14:50,171,38
D01017,2026-04-06,3W,Mon,07:36,09:10,81,3
D01018,2026-04-06,5N,Mon,11:48,13:55,46,26
D01019,2026-04-06,6S,Mon,11:22,15:16,143,19
D01020,2026-04-06,5N,Mon,09:29,12:06,44,63
D01021,2026-04-06,4E,Mon,08:19,11:14,64,17
D01022,2026-04-06,5N,Mon,12:11,13:57,58,14
D01023,2026-04-06,3W,Mon,13:03,15:53,72,57
D01024,2026-04-06,5N,Mon,11:36,13:24,21,13
D01025,2026-04-06,3W,Mon,08:51,10:14,54,6
D01026,2026-04-07,5N,Tue,08:58,10:34,24,2
D01027,2026-04-07,3W,Tue,12:47,14:03,60,35
D01028,2026-04-07,3W,Tue,12:09,14:46,63,41
D01029,2026-04-07,3W,Tue,07:52,08:36,11,28
D01030,2026-04-07,6S,Tue,09:05,13:18,161,55
D01031,2026-04-07,6S,Tue,08:39,11:04,86,5
D01032,2026-04-07,5N,Tue,11:40,13:32,64,30
D01033,2026-04-07,6S,Tue,12:14,15:31,105,41
D01034,2026-04-07,4E,Tue,11:27,13:44,56,50
D01035,2026-04-08,6S,Wed,10:25,11:32,,17
D01036,2026-04-08,3W,Wed,11:35,12:28,39,15
D01037,2026-04-08,6S,Wed,09:54,13:55,162,35
D01038,2026-04-08,3W,Wed,11:59,12:37,59,22
D01039,2026-04-08,5N,Wed,12:43,14:50,68,31
D01040,2026-04-08,3W,Wed,08:38,09:51,63,29
D01041,2026-04-08,6S,Wed,09:01,13:45,120,101
D01042,2026-04-08,6S,Wed,11:53,14:40,102,39
D01043,2026-04-08,4E,Wed,08:27,11:03,95,13
D01044,2026-04-08,6S,Wed,09:51,13:24,125,25
D01045,2026-04-08,4E,Wed,09:15,11:51,83,7
D01046,2026-04-08,5N,Wed,07:36,09:35,55,61
D01047,2026-04-08,5N,Wed,10:10,11:17,52,19
D01048,2026-04-08,4E,Wed,11:20,15:12,121,30
D01049,2026-04-09,3W,Thu,09:39,10:27,42,18
D01050,2026-04-09,3W,Thu,10:30,13:10,59,67
D01051,2026-04-09,6S,Thu,12:25,15:04,73,42
D01052,2026-04-09,6S,Thu,10:54,15:17,162,27
D01053,2026-04-09,5N,Thu,11:03,12:29,39,31
D01054,2026-04-09,3W,Thu,10:20,12:19,38,42
D01055,2026-04-09,5N,Thu,08:39,10:10,76,26
D01056,2026-04-09,6S,Thu,09:58,13:42,113,32
D01057,2026-04-09,3W,Thu,12:45,13:23,75,12
D01058,2026-04-09,4E,Thu,10:56,12:57,48,10
D01059,2026-04-09,5N,Thu,11:21,13:40,33,42
D01060,2026-04-09,4E,Thu,11:59,15:58,114,30
D01061,2026-04-09,5N,Thu,14:06,15:51,54,45
D01062,2026-04-09,4E,Thu,12:07,14:04,69,33
D01063,2026-04-10,5N,Fri,11:16,12:20,46,7
D01064,2026-04-10,6S,Fri,10:47,13:33,109,6
D01065,2026-04-10,4E,Fri,13:30,16:00,82,54
D01066,2026-04-10,4E,Fri,12:24,16:22,61,73
D01067,2026-04-10,3W,Fri,13:14,15:26,57,21
D01068,2026-04-10,3W,Fri,09:26,11:39,102,22
D01069,2026-04-10,6S,Fri,09:59,12:53,87,8
D01070,2026-04-10,6S,Fri,09:16,12:35,105,28
D01071,2026-04-10,5N,Fri,11:11,11:41,62,33
D01072,2026-04-10,5N,Fri,09:51,11:21,67,10
D01073,2026-04-11,6S,Sat,07:27,11:22,151,16
D01074,2026-04-11,4E,Sat,08:47,11:33,119,10
D01075,2026-04-11,3W,Sat,11:01,13:17,79,19
D01076,2026-04-11,6S,Sat,11:19,14:14,110,4
D01077,2026-04-11,6S,Sat,11:43,15:58,125,70
D01078,2026-04-11,5N,Sat,11:27,12:57,64,11
D01079,2026-04-11,3W,Sat,11:03,12:42,52,13
D01080,2026-04-11,4E,Sat,09:37,12:32,142,21
D01081,2026-04-11,3W,Sat,10:14,11:22,110,13
D01082,2026-04-12,6S,Sun,11:17,15:48,161,49
D01083,2026-04-12,6S,Sun,09:35,12:44,89,46
D01084,2026-04-12,5N,Sun,10:23,11:52,34,17
D01085,2026-04-12,4E,Sun,13:39,17:17,128,2
D01086,2026-04-12,6S,Sun,10:36,12:54,72,14
D01087,2026-04-12,5N,Sun,10:11,11:37,76,35
D01088,2026-04-12,4E,Sun,12:29,16:45,134,50
D01089,2026-04-13,6S,Mon,08:27,12:54,73,62
D01090,2026-04-13,3W,Mon,10:30,12:35,56,12
D01091,2026-04-13,6S,Mon,10:59,15:20,139,23
D01092,2026-04-13,5N,Mon,12:58,15:22,47,37
D01093,2026-04-13,3W,Mon,09:00,11:30,30,59
D01094,2026-04-13,5N,Mon,08:57,11:44,47,9
D01095,2026-04-13,6S,Mon,11:26,14:45,67,5
D01096,2026-04-13,6S,Mon,10:53,15:17,148,19
D01097,2026-04-13,5N,Mon,12:56,15:09,37,11
D01098,2026-04-13,3W,Mon,09:17,10:39,67,15
D01099,2026-04-13,4E,Mon,11:52,16:02,104,15
D01100,2026-04-13,3W,Mon,11:40,13:16,41,19
D01101,2026-04-13,6S,Mon,08:27,12:05,130,39
D01102,2026-04-13,3W,Mon,12:01,13:33,60,32
D01103,2026-04-13,6S,Mon,09:50,13:44,108,29
D01104,2026-04-13,6S,Mon,09:19,13:39,146,35
D01105,2026-04-13,3W,Mon,11:09,13:05,76,28
D01106,2026-04-14,4E,Tue,11:51,14:52,96,35
D01107,2026-04-14,4E,Tue,11:21,14:01,75,3
D01108,2026-04-14,4E,Tue,09:53,11:42,,32
D01109,2026-04-14,5N,Tue,08:26,10:37,65,22
D01110,2026-04-14,3W,Tue,11:35,12:09,34,17
D01111,2026-04-14,6S,Tue,10:45,14:08,156,6
D01112,2026-04-15,6S,Wed,10:32,12:49,94,12
D01113,2026-04-15,6S,Wed,13:05,16:17,95,37
D01114,2026-04-15,4E,Wed,12:05,14:13,78,10
D01115,2026-04-15,6S,Wed,11:03,14:30,120,29
D01116,2026-04-15,3W,Wed,11:12,12:50,79,26
D01117,2026-04-15,3W,Wed,13:05,14:25,47,9
D01118,2026-04-15,3W,Wed,10:36,12:08,32,13
D01119,2026-04-15,6S,Wed,11:58,15:24,162,12
D01120,2026-04-15,4E,Wed,13:35,17:29,148,16
D01121,2026-04-15,4E,Wed,09:09,11:33,79,66
D01122,2026-04-15,5N,Wed,11:58,13:07,46,6
D01123,2026-04-15,4E,Wed,07:49,11:10,143,7
D01124,2026-04-15,5N,Wed,10:38,12:12,66,23
D01125,2026-04-16,5N,Thu,12:20,12:47,36,3
D01126,2026-04-16,6S,Thu,11:38,14:21,85,44
D01127,2026-04-16,3W,Thu,09:15,10:26,60,23
D01128,2026-04-16,6S,Thu,11:48,14:07,58,17
D01129,2026-04-16,4E,Thu,11:27,15:29,182,17
D01130,2026-04-16,3W,Thu,08:54,10:40,85,24
D01131,2026-04-16,5N,Thu,13:54,14:43,59,19
D01132,2026-04-16,4E,Thu,11:23,14:02,65,13
D01133,2026-04-16,5N,Thu,10:25,12:31,49,54
D01134,2026-04-16,4E,Thu,10:24,13:20,92,33
D01135,2026-04-16,3W,Thu,12:30,14:37,51,24
D01136,2026-04-16,6S,Thu,10:04,13:08,123,33
D01137,2026-04-17,5N,Fri,09:29,09:55,47,15
D01138,2026-04-17,5N,Fri,11:40,13:08,74,3
D01139,2026-04-17,6S,Fri,10:16,15:24,207,22
D01140,2026-04-17,3W,Fri,10:15,11:27,43,9
D01141,2026-04-17,3W,Fri,11:15,12:26,46,13
D01142,2026-04-17,6S,Fri,12:27,15:04,123,11
D01143,2026-04-17,3W,Fri,11:59,13:16,79,20
D01144,2026-04-17,6S,Fri,12:28,15:25,94,33
D01145,2026-04-17,4E,Fri,11:21,16:24,219,29
D01146,2026-04-17,4E,Fri,08:31,10:45,67,10
D01147,2026-04-17,4E,Fri,11:08,13:17,81,19
D01148,2026-04-17,3W,Fri,11:01,12:32,60,21
D01149,2026-04-17,5N,Fri,07:33,08:37,35,29
D01150,2026-04-17,6S,Fri,10:28,12:58,108,17
D01151,2026-04-17,4E,Fri,13:12,17:29,87,76
D01152,2026-04-17,5N,Fri,11:35,13:04,40,48
D01153,2026-04-18,6S,Sat,12:47,16:19,92,42
D01154,2026-04-18,3W,Sat,10:34,11:19,58,17
D01155,2026-04-18,5N,Sat,08:43,10:04,51,27
D01156,2026-04-18,4E,Sat,09:41,12:00,89,20
D01157,2026-04-18,4E,Sat,10:02,11:41,36,30
D01158,2026-04-18,4E,Sat,10:55,12:39,59,10
D01159,2026-04-18,3W,Sat,12:33,13:21,48,2
D01160,2026-04-19,3W,Sun,12:41,13:07,48,6
D01161,2026-04-19,4E,Sun,09:40,12:05,56,13
D01162,2026-04-19,3W,Sun,12:35,14:00,34,10
D01163,2026-04-19,5N,Sun,10:22,11:16,53,23
D01164,2026-04-19,3W,Sun,14:10,15:43,36,39
D01165,2026-04-20,3W,Mon,10:25,12:50,36,33
D01166,2026-04-20,3W,Mon,08:17,10:27,34,27
D01167,2026-04-20,3W,Mon,13:00,15:02,19,7
D01168,2026-04-20,3W,Mon,11:35,13:50,43,32
D01169,2026-04-20,5N,Mon,13:35,15:28,82,21
D01170,2026-04-20,5N,Mon,09:55,12:37,54,19
D01171,2026-04-20,3W,Mon,09:28,11:11,59,6
D01172,2026-04-20,3W,Mon,11:23,14:20,91,80
D01173,2026-04-20,5N,Mon,11:36,13:55,52,6
D01174,2026-04-20,6S,Mon,11:07,17:30,270,10
D01175,2026-04-20,6S,Mon,10:32,16:04,189,26
D01176,2026-04-20,3W,Mon,12:10,14:15,80,11
D01177,2026-04-21,4E,Tue,10:57,14:08,87,17
D01178,2026-04-21,4E,Tue,10:52,13:24,98,35
D01179,2026-04-21,5N,Tue,10:43,12:28,65,48
D01180,2026-04-21,3W,Tue,08:32,09:48,27,8
D01181,2026-04-21,4E,Tue,10:47,15:08,170,51
D01182,2026-04-21,3W,Tue,10:31,11:45,56,21
D01183,2026-04-22,4E,Wed,09:13,12:00,105,10
D01184,2026-04-22,5N,Wed,14:09,15:34,80,28
D01185,2026-04-22,5N,Wed,09:52,10:55,57,10
D01186,2026-04-22,5N,Wed,10:23,11:45,64,4
D01187,2026-04-22,3W,Wed,09:02,10:00,53,21
D01188,2026-04-22,6S,Wed,13:26,15:57,68,25
D01189,2026-04-22,4E,Wed,12:27,15:06,62,30
D01190,2026-04-22,3W,Wed,13:53,14:41,70,22
D01191,2026-04-22,6S,Wed,07:43,11:02,108,35
D01192,2026-04-23,4E,Thu,10:45,13:26,49,54
D01193,2026-04-23,6S,Thu,09:40,12:45,142,14
D01194,2026-04-23,4E,Thu,12:21,14:52,114,8
D01195,2026-04-23,4E,Thu,11:50,15:28,158,0
D01196,2026-04-23,5N,Thu,10:59,12:21,50,2
D01197,2026-04-23,4E,Thu,08:11,11:58,120,108
D01198,2026-04-23,6S,Thu,10:34,14:33,158,32
D01199,2026-04-23,5N,Thu,11:32,12:43,68,20
D01200,2026-04-23,3W,Thu,11:08,12:34,20,22
D01201,2026-04-23,6S,Thu,11:45,13:31,58,13
D01202,2026-04-23,4E,Thu,11:39,15:09,92,67
D01203,2026-04-23,6S,Thu,07:00,09:09,51,15
D01204,2026-04-23,3W,Thu,13:26,14:22,36,6
D01205,2026-04-23,5N,Thu,09:26,11:45,67,50
D01206,2026-04-23,3W,Thu,12:11,13:04,93,10
D01207,2026-04-24,3W,Fri,10:51,12:45,59,21
D01208,2026-04-24,6S,Fri,12:25,15:27,77,34
D01209,2026-04-24,5N,Fri,11:25,12:29,65,20
D01210,2026-04-24,3W,Fri,15:40,17:05,30,38
D01211,2026-04-24,3W,Fri,09:13,10:39,73,16
D01212,2026-04-24,5N,Fri,09:39,11:10,47,28
D01213,2026-04-24,5N,Fri,10:58,12:52,74,33
D01214,2026-04-24,5N,Fri,11:46,12:35,58,16
D01215,2026-04-24,5N,Fri,13:58,15:21,47,23
D01216,2026-04-24,4E,Fri,11:59,13:55,51,32
D01217,2026-04-24,5N,Fri,11:42,13:23,55,25
D01218,2026-04-24,5N,Fri,13:55,16:00,21,36
D01219,2026-04-24,3W,Fri,11:41,13:33,28,8
D01220,2026-04-25,4E,Sat,07:00,10:41,171,29
D01221,2026-04-25,6S,Sat,10:05,13:46,146,15
D01222,2026-04-25,3W,Sat,12:18,14:06,99,40
D01223,2026-04-25,5N,Sat,12:17,13:18,34,24
D01224,2026-04-25,6S,Sat,10:45,12:36,92,26
D01225,2026-04-25,6S,Sat,13:45,15:45,54,12
D01226,2026-04-25,6S,Sat,11:17,15:12,153,27
D01227,2026-04-25,3W,Sat,07:30,09:04,60,15
D01228,2026-04-25,4E,Sat,10:57,14:03,127,15
D01229,2026-04-26,5N,Sun,12:13,13:45,72,5
D01230,2026-04-26,3W,Sun,10:52,12:59,33,41
D01231,2026-04-26,3W,Sun,13:58,15:51,53,42
D01232,2026-04-26,5N,Sun,11:22,13:36,51,40
D01233,2026-04-26,6S,Sun,14:40,17:45,103,6
D01234,2026-04-26,3W,Sun,10:31,12:47,23,43
