part_id,date,shift,machine,fixture,operator_id,hole_pos_dev_mm,result,rework_min
B00001,2026-03-02,Day,M2,F4,OP-13,-0.01,pass,
B00002,2026-03-02,Day,M1,F2,OP-11,-0.12,pass,
B00003,2026-03-02,Day,M2,F3,OP-12,0.04,pass,
B00004,2026-03-02,Day,M1,F2,OP-11,-0.27,fail,19
B00005,2026-03-02,Day,M2,F3,OP-13,0.31,fail,23
B00006,2026-03-02,Day,M1,F1,OP-12,-0.15,pass,
B00007,2026-03-02,Day,M2,F3,OP-11,0.07,pass,
B00008,2026-03-02,Day,M1,F2,OP-12,0.07,pass,
B00009,2026-03-02,Day,M1,F2,OP-13,-0.09,pass,
B00010,2026-03-02,Day,M2,F3,OP-12,0.17,pass,
B00011,2026-03-02,Swing,M2,F4,OP-21,-0.09,pass,
B00012,2026-03-02,Swing,M2,F4,OP-22,0.1,pass,
B00013,2026-03-02,Swing,M2,F3,OP-22,0.02,pass,
B00014,2026-03-02,Swing,M1,F2,OP-23,-0.06,pass,
B00015,2026-03-02,Swing,M2,F4,OP-23,0.07,pass,
B00016,2026-03-02,Swing,M2,F4,OP-21,-0.08,pass,
B00017,2026-03-02,Swing,M1,F1,OP-23,0.01,pass,
B00018,2026-03-02,Swing,M1,F2,OP-22,0.05,pass,
B00019,2026-03-02,Swing,M2,F4,OP-22,0.0,pass,
B00020,2026-03-02,Swing,M1,F2,OP-22,0.15,pass,
B00021,2026-03-02,Night,M2,F3,OP-32,0.27,fail,21
B00022,2026-03-02,Night,M2,F3,OP-33,0.25,pass,
B00023,2026-03-02,Night,M2,F4,OP-31,0.04,pass,
B00024,2026-03-02,Night,M1,F2,OP-32,-0.11,pass,
B00025,2026-03-02,Night,M1,F1,OP-31,0.27,fail,19
B00026,2026-03-02,Night,M1,F1,OP-33,0.1,pass,
B00027,2026-03-02,Night,M1,F1,OP-32,0.05,pass,
B00028,2026-03-02,Night,M2,F3,OP-31,-0.02,pass,
B00029,2026-03-02,Night,M1,F1,OP-33,0.16,pass,
B00030,2026-03-02,Night,M2,F3,OP-31,0.09,pass,
B00031,2026-03-03,Day,M2,F3,OP-13,-0.13,pass,
B00032,2026-03-03,Day,M1,F1,OP-12,0.02,pass,
B00033,2026-03-03,Day,M2,F3,OP-11,0.26,fail,25
B00034,2026-03-03,Day,M1,F1,OP-13,0.06,pass,
B00035,2026-03-03,Day,M1,F2,OP-11,0.17,pass,
B00036,2026-03-03,Day,M2,F3,OP-12,0.23,pass,
B00037,2026-03-03,Day,M1,F2,OP-12,0.17,pass,
B00038,2026-03-03,Day,M1,F2,OP-12,0.08,pass,
B00039,2026-03-03,Day,M1,F2,OP-13,-0.01,pass,
B00040,2026-03-03,Day,M1,F1,OP-11,-0.03,pass,
B00041,2026-03-03,Swing,M1,F1,OP-21,0.04,pass,
B00042,2026-03-03,Swing,M2,F3,OP-23,0.35,fail,21
B00043,2026-03-03,Swing,M2,F4,OP-21,-0.09,pass,
B00044,2026-03-03,Swing,M1,F1,OP-21,-0.11,pass,
B00045,2026-03-03,Swing,M2,F4,OP-21,-0.04,pass,
B00046,2026-03-03,Swing,M2,F4,OP-21,-0.07,pass,
B00047,2026-03-03,Swing,M1,F1,OP-22,-0.11,pass,
B00048,2026-03-03,Swing,M1,F2,OP-23,0.03,pass,
B00049,2026-03-03,Swing,M1,F2,OP-23,0.09,pass,
B00050,2026-03-03,Swing,M2,F3,OP-22,0.1,pass,
B00051,2026-03-03,Night,M2,F4,OP-33,0.28,fail,13
B00052,2026-03-03,Night,M1,F1,OP-32,-0.01,pass,
B00053,2026-03-03,Night,M2,F3,OP-31,0.08,pass,
B00054,2026-03-03,Night,M1,F1,OP-31,-0.09,pass,
B00055,2026-03-03,Night,M1,F2,OP-32,-0.02,pass,
B00056,2026-03-03,Night,M2,F4,OP-31,0.03,pass,
B00057,2026-03-03,Night,M1,F1,OP-31,0.04,pass,
B00058,2026-03-03,Night,M1,F1,OP-33,-0.0,pass,
B00059,2026-03-03,Night,M1,F1,OP-32,-0.19,pass,
B00060,2026-03-03,Night,M1,F2,OP-32,-0.0,pass,
B00061,2026-03-04,Day,M2,F4,OP-13,-0.03,pass,
B00062,2026-03-04,Day,M2,F3,OP-12,0.24,pass,
B00063,2026-03-04,Day,M2,F4,OP-11,-0.02,pass,
B00064,2026-03-04,Day,M2,F3,OP-12,0.1,pass,
B00065,2026-03-04,Day,M2,F3,OP-13,0.08,pass,
B00066,2026-03-04,Day,M2,F4,OP-13,-0.06,pass,
B00067,2026-03-04,Day,M1,F1,OP-12,-0.19,pass,
B00068,2026-03-04,Day,M1,F1,OP-11,-0.09,pass,
B00069,2026-03-04,Day,M2,F4,OP-11,0.01,pass,
B00070,2026-03-04,Day,M1,F1,OP-13,0.04,pass,
B00071,2026-03-04,Swing,M1,F2,OP-21,-0.11,pass,
B00072,2026-03-04,Swing,M2,F4,OP-21,0.25,pass,
B00073,2026-03-04,Swing,M1,F1,OP-21,0.01,pass,
B00074,2026-03-04,Swing,M2,F4,OP-23,-0.0,pass,
B00075,2026-03-04,Swing,M1,F2,OP-22,0.02,pass,
B00076,2026-03-04,Swing,M1,F1,OP-21,-0.06,pass,
B00077,2026-03-04,Swing,M2,F4,OP-22,0.07,pass,
B00078,2026-03-04,Swing,M2,F3,OP-22,0.21,pass,
B00079,2026-03-04,Swing,M2,F4,OP-22,0.03,pass,
B00080,2026-03-04,Swing,M1,F2,OP-22,-0.05,pass,
B00081,2026-03-04,Night,M2,F4,OP-33,0.03,pass,
B00082,2026-03-04,Night,M1,F2,OP-32,-0.05,pass,
B00083,2026-03-04,Night,M2,F4,OP-33,-0.08,pass,
B00084,2026-03-04,Night,M2,F4,OP-33,-0.11,pass,
B00085,2026-03-04,Night,M1,F2,OP-33,0.13,pass,
B00086,2026-03-04,Night,M1,F2,OP-31,-0.17,pass,
B00087,2026-03-04,Night,M1,F1,OP-33,-0.01,pass,
B00088,2026-03-04,Night,M2,F4,OP-31,-0.17,pass,
B00089,2026-03-04,Night,M1,F2,OP-33,-0.01,pass,
B00090,2026-03-04,Night,M2,F4,OP-32,0.12,pass,
B00091,2026-03-05,Day,M2,F4,OP-13,0.0,pass,
B00092,2026-03-05,Day,M2,F4,OP-12,-0.26,fail,13
B00093,2026-03-05,Day,M2,F3,OP-11,0.13,pass,
B00094,2026-03-05,Day,M2,F4,OP-13,-0.09,pass,
B00095,2026-03-05,Day,M2,F4,OP-11,-0.07,pass,
B00096,2026-03-05,Day,M2,F3,OP-13,0.01,pass,
B00097,2026-03-05,Day,M2,F3,OP-12,0.23,pass,
B00098,2026-03-05,Day,M2,F3,OP-13,0.28,fail,20
B00099,2026-03-05,Day,M2,F4,OP-11,0.04,pass,
B00100,2026-03-05,Day,M1,F1,OP-12,-0.11,pass,
B00101,2026-03-05,Swing,M1,F1,OP-22,0.05,pass,
B00102,2026-03-05,Swing,M2,F4,OP-23,0.23,pass,
B00103,2026-03-05,Swing,M2,F4,OP-21,-0.0,pass,
B00104,2026-03-05,Swing,M2,F4,OP-21,0.0,pass,
B00105,2026-03-05,Swing,M1,F1,OP-23,-0.09,pass,
B00106,2026-03-05,Swing,M1,F1,OP-23,-0.06,pass,
B00107,2026-03-05,Swing,M1,F2,OP-21,-0.11,pass,
B00108,2026-03-05,Swing,M2,F3,OP-21,0.08,pass,
B00109,2026-03-05,Swing,M1,F1,OP-21,0.1,pass,
B00110,2026-03-05,Swing,M2,F3,OP-22,0.13,pass,
B00111,2026-03-05,Night,M1,F1,OP-31,-0.18,pass,
B00112,2026-03-05,Night,M2,F3,OP-31,-0.15,pass,
B00113,2026-03-05,Night,M1,F1,OP-33,0.21,pass,
B00114,2026-03-05,Night,M1,F1,OP-31,-0.11,pass,
B00115,2026-03-05,Night,M2,F4,OP-31,0.04,pass,
B00116,2026-03-05,Night,M2,F4,OP-32,0.05,pass,
B00117,2026-03-05,Night,M1,F2,OP-33,-0.04,pass,
B00118,2026-03-05,Night,M2,F4,OP-33,-0.08,pass,
B00119,2026-03-05,Night,M2,F3,OP-32,0.37,fail,7
B00120,2026-03-05,Night,M1,F1,OP-31,-0.15,pass,
B00121,2026-03-06,Day,M2,F4,OP-13,-0.03,pass,
B00122,2026-03-06,Day,M2,F4,OP-11,-0.06,pass,
B00123,2026-03-06,Day,M1,F2,OP-13,-0.22,pass,
B00124,2026-03-06,Day,M1,F1,OP-12,-0.08,pass,
B00125,2026-03-06,Day,M2,F3,OP-12,0.12,pass,
B00126,2026-03-06,Day,M1,F2,OP-12,0.19,pass,
B00127,2026-03-06,Day,M2,F4,OP-12,0.09,pass,
B00128,2026-03-06,Day,M2,F3,OP-11,0.24,pass,
B00129,2026-03-06,Day,M2,F4,OP-11,0.04,pass,
B00130,2026-03-06,Day,M2,F3,OP-13,0.22,pass,
B00131,2026-03-06,Swing,M2,F3,OP-22,0.05,pass,
B00132,2026-03-06,Swing,M2,F4,OP-23,-0.02,pass,
B00133,2026-03-06,Swing,M1,F1,OP-21,0.05,pass,
B00134,2026-03-06,Swing,M2,F3,OP-23,0.1,pass,
B00135,2026-03-06,Swing,M2,F4,OP-21,-0.02,pass,
B00136,2026-03-06,Swing,M2,F4,OP-23,0.17,pass,
B00137,2026-03-06,Swing,M1,F1,OP-21,0.17,pass,
B00138,2026-03-06,Swing,M1,F2,OP-22,-0.04,pass,
B00139,2026-03-06,Swing,M2,F3,OP-22,0.17,pass,
B00140,2026-03-06,Swing,M2,F3,OP-22,0.28,fail,25
B00141,2026-03-06,Night,M1,F2,OP-32,0.35,fail,15
B00142,2026-03-06,Night,M1,F1,OP-32,0.22,pass,
B00143,2026-03-06,Night,M1,F2,OP-33,-0.08,pass,
B00144,2026-03-06,Night,M1,F2,OP-32,-0.09,pass,
B00145,2026-03-06,Night,M1,F1,OP-33,-0.07,pass,
B00146,2026-03-06,Night,M2,F3,OP-31,0.05,pass,
B00147,2026-03-06,Night,M1,F2,OP-33,0.16,pass,
B00148,2026-03-06,Night,M2,F4,OP-32,0.13,pass,
B00149,2026-03-06,Night,M2,F4,OP-32,-0.08,pass,
B00150,2026-03-06,Night,M2,F3,OP-33,0.06,pass,
B00151,2026-03-09,Day,M2,F4,OP-11,-0.2,pass,
B00152,2026-03-09,Day,M2,F3,OP-11,0.13,pass,
B00153,2026-03-09,Day,M2,F4,OP-13,-0.18,pass,
B00154,2026-03-09,Day,M2,F3,OP-13,0.15,pass,
B00155,2026-03-09,Day,M1,F2,OP-12,-0.01,pass,
B00156,2026-03-09,Day,M1,F1,OP-13,0.19,pass,
B00157,2026-03-09,Day,M2,F4,OP-11,-0.26,fail,16
B00158,2026-03-09,Day,M2,F4,OP-12,0.02,pass,
B00159,2026-03-09,Day,M2,F4,OP-13,-0.17,pass,
B00160,2026-03-09,Day,M1,F2,OP-11,-0.07,pass,
B00161,2026-03-09,Swing,M2,F4,OP-22,-0.02,pass,
B00162,2026-03-09,Swing,M1,F1,OP-22,-0.1,pass,
B00163,2026-03-09,Swing,M1,F2,OP-22,-0.11,pass,
B00164,2026-03-09,Swing,M2,F3,OP-22,0.38,fail,14
B00165,2026-03-09,Swing,M1,F1,OP-22,0.02,pass,
B00166,2026-03-09,Swing,M1,F1,OP-21,-0.01,pass,
B00167,2026-03-09,Swing,M1,F2,OP-23,-0.03,pass,
B00168,2026-03-09,Swing,M2,F3,OP-23,,pass,
B00169,2026-03-09,Swing,M2,F4,OP-22,-0.15,pass,
B00170,2026-03-09,Swing,M2,F3,OP-22,-0.16,pass,
B00171,2026-03-09,Night,M1,F2,OP-33,0.1,pass,
B00172,2026-03-09,Night,M1,F2,OP-33,0.19,pass,
B00173,2026-03-09,Night,M2,F4,OP-32,-0.22,pass,
B00174,2026-03-09,Night,M1,F1,OP-33,-0.15,pass,
B00175,2026-03-09,Night,M2,F4,OP-33,-0.36,fail,20
B00176,2026-03-09,Night,M2,F4,OP-31,0.12,pass,
B00177,2026-03-09,Night,M1,F2,OP-32,0.04,pass,
B00178,2026-03-09,Night,M2,F3,OP-33,-0.02,pass,
B00179,2026-03-09,Night,M1,F1,OP-31,0.17,pass,
B00180,2026-03-09,Night,M2,F3,OP-33,0.13,pass,
B00181,2026-03-10,Day,M1,F2,OP-13,-0.03,pass,
B00182,2026-03-10,Day,M1,F1,OP-11,-0.03,pass,
B00183,2026-03-10,Day,M2,F4,OP-13,0.12,pass,
B00184,2026-03-10,Day,M1,F2,OP-13,0.0,pass,
B00185,2026-03-10,Day,M1,F2,OP-12,-0.0,pass,
B00186,2026-03-10,Day,M1,F1,OP-12,0.01,pass,
B00187,2026-03-10,Day,M1,F2,OP-12,-0.23,pass,
B00188,2026-03-10,Day,M1,F1,OP-12,-0.04,pass,
B00189,2026-03-10,Day,M1,F2,OP-11,-0.02,pass,
B00190,2026-03-10,Day,M2,F3,OP-12,0.1,pass,
B00191,2026-03-10,Swing,M2,F3,OP-23,-0.02,pass,
B00192,2026-03-10,Swing,M2,F4,OP-22,0.02,pass,
B00193,2026-03-10,Swing,M2,F4,OP-21,-0.13,pass,
B00194,2026-03-10,Swing,M1,F1,OP-22,0.0,pass,
B00195,2026-03-10,Swing,M2,F3,OP-22,0.19,pass,
B00196,2026-03-10,Swing,M1,F1,OP-22,-0.01,pass,
B00197,2026-03-10,Swing,M2,F4,OP-22,-0.05,pass,
B00198,2026-03-10,Swing,M1,F1,OP-23,0.16,pass,
B00199,2026-03-10,Swing,M1,F2,OP-23,-0.01,pass,
B00200,2026-03-10,Swing,M2,F3,OP-22,0.16,pass,
B00201,2026-03-10,Night,M1,F1,OP-32,0.11,pass,
B00202,2026-03-10,Night,M1,F2,OP-33,0.15,pass,
B00203,2026-03-10,Night,M2,F4,OP-32,-0.12,pass,
B00204,2026-03-10,Night,M1,F1,OP-31,0.14,pass,
B00205,2026-03-10,Night,M2,F4,OP-31,0.15,pass,
B00206,2026-03-10,Night,M1,F2,OP-33,0.07,pass,
B00207,2026-03-10,Night,M2,F4,OP-31,-0.22,pass,
B00208,2026-03-10,Night,M2,F3,OP-32,-0.0,pass,
B00209,2026-03-10,Night,M1,F2,OP-31,0.07,pass,
B00210,2026-03-10,Night,M2,F3,OP-31,0.3,fail,24
B00211,2026-03-11,Day,M2,F4,OP-13,0.06,pass,
B00212,2026-03-11,Day,M1,F1,OP-11,-0.16,pass,
B00213,2026-03-11,Day,M2,F4,OP-12,-0.12,pass,
B00214,2026-03-11,Day,M1,F1,OP-12,-0.03,pass,
B00215,2026-03-11,Day,M1,F2,OP-13,0.13,pass,
B00216,2026-03-11,Day,M1,F2,OP-12,0.05,pass,
B00217,2026-03-11,Day,M1,F1,OP-13,-0.14,pass,
B00218,2026-03-11,Day,M2,F3,OP-11,0.39,fail,10
B00219,2026-03-11,Day,M2,F4,OP-11,0.04,pass,
B00220,2026-03-11,Day,M2,F4,OP-11,-0.04,pass,
B00221,2026-03-11,Swing,M2,F3,OP-22,0.07,pass,
B00222,2026-03-11,Swing,M1,F2,OP-21,-0.12,pass,
B00223,2026-03-11,Swing,M2,F3,OP-21,0.08,pass,
B00224,2026-03-11,Swing,M2,F3,OP-21,0.15,pass,
B00225,2026-03-11,Swing,M2,F4,OP-23,,pass,
B00226,2026-03-11,Swing,M2,F4,OP-23,-0.01,pass,
B00227,2026-03-11,Swing,M2,F4,OP-23,-0.13,pass,
B00228,2026-03-11,Swing,M1,F2,OP-22,-0.06,pass,
B00229,2026-03-11,Swing,M1,F1,OP-23,-0.1,pass,
B00230,2026-03-11,Swing,M2,F4,OP-23,0.09,pass,
B00231,2026-03-11,Night,M1,F2,OP-32,-0.14,pass,
B00232,2026-03-11,Night,M2,F3,OP-33,-0.13,pass,
B00233,2026-03-11,Night,M2,F3,OP-32,0.13,pass,
B00234,2026-03-11,Night,M1,F2,OP-33,-0.27,fail,23
B00235,2026-03-11,Night,M1,F2,OP-33,0.0,pass,
B00236,2026-03-11,Night,M1,F2,OP-32,0.13,pass,
B00237,2026-03-11,Night,M2,F4,OP-33,0.0,pass,
B00238,2026-03-11,Night,M1,F1,OP-31,-0.05,pass,
B00239,2026-03-11,Night,M1,F1,OP-32,-0.24,pass,
B00240,2026-03-11,Night,M2,F3,OP-33,0.11,pass,
B00241,2026-03-12,Day,M2,F4,OP-11,-0.13,pass,
B00242,2026-03-12,Day,M1,F2,OP-13,-0.02,pass,
B00243,2026-03-12,Day,M2,F3,OP-12,0.12,pass,
B00244,2026-03-12,Day,M1,F2,OP-13,0.08,pass,
B00245,2026-03-12,Day,M1,F2,OP-13,0.13,pass,
B00246,2026-03-12,Day,M2,F3,OP-11,0.23,pass,
B00247,2026-03-12,Day,M2,F4,OP-13,0.04,pass,
B00248,2026-03-12,Day,M1,F2,OP-13,-0.0,pass,
B00249,2026-03-12,Day,M2,F4,OP-13,0.04,pass,
B00250,2026-03-12,Day,M1,F2,OP-11,-0.15,pass,
B00251,2026-03-12,Swing,M1,F1,OP-23,0.07,pass,
B00252,2026-03-12,Swing,M2,F4,OP-22,-0.13,pass,
B00253,2026-03-12,Swing,M2,F4,OP-23,-0.14,pass,
B00254,2026-03-12,Swing,M1,F2,OP-21,0.11,pass,
B00255,2026-03-12,Swing,M1,F2,OP-22,0.08,pass,
B00256,2026-03-12,Swing,M1,F2,OP-22,-0.06,pass,
B00257,2026-03-12,Swing,M2,F3,OP-23,0.03,pass,
B00258,2026-03-12,Swing,M1,F1,OP-23,0.04,pass,
B00259,2026-03-12,Swing,M1,F1,OP-21,-0.09,pass,
B00260,2026-03-12,Swing,M1,F1,OP-23,0.12,pass,
B00261,2026-03-12,Night,M2,F4,OP-31,-0.01,pass,
B00262,2026-03-12,Night,M1,F1,OP-32,0.12,pass,
B00263,2026-03-12,Night,M2,F4,OP-31,0.04,pass,
B00264,2026-03-12,Night,M1,F2,OP-33,-0.22,pass,
B00265,2026-03-12,Night,M2,F3,OP-32,0.24,pass,
B00266,2026-03-12,Night,M2,F3,OP-33,-0.01,pass,
B00267,2026-03-12,Night,M2,F3,OP-32,0.05,pass,
B00268,2026-03-12,Night,M2,F4,OP-31,-0.13,pass,
B00269,2026-03-12,Night,M1,F1,OP-33,-0.03,pass,
B00270,2026-03-12,Night,M2,F4,OP-31,-0.1,pass,
B00271,2026-03-13,Day,M1,F1,OP-11,-0.04,pass,
B00272,2026-03-13,Day,M2,F3,OP-11,0.17,pass,
B00273,2026-03-13,Day,M1,F1,OP-13,-0.04,pass,
B00274,2026-03-13,Day,M1,F1,OP-12,-0.07,pass,
B00275,2026-03-13,Day,M1,F1,OP-12,-0.0,pass,
B00276,2026-03-13,Day,M2,F3,OP-12,-0.0,pass,
B00277,2026-03-13,Day,M1,F2,OP-13,-0.08,pass,
B00278,2026-03-13,Day,M1,F1,OP-12,0.01,pass,
B00279,2026-03-13,Day,M2,F3,OP-12,0.12,pass,
B00280,2026-03-13,Day,M1,F2,OP-11,-0.17,pass,
B00281,2026-03-13,Swing,M2,F4,OP-22,-0.06,pass,
B00282,2026-03-13,Swing,M1,F1,OP-22,-0.03,pass,
B00283,2026-03-13,Swing,M1,F1,OP-22,0.07,pass,
B00284,2026-03-13,Swing,M1,F2,OP-22,-0.0,pass,
B00285,2026-03-13,Swing,M1,F2,OP-21,0.02,pass,
B00286,2026-03-13,Swing,M1,F2,OP-22,-0.03,pass,
B00287,2026-03-13,Swing,M2,F3,OP-22,0.04,pass,
B00288,2026-03-13,Swing,M1,F2,OP-22,0.06,pass,
B00289,2026-03-13,Swing,M2,F4,OP-22,-0.1,pass,
B00290,2026-03-13,Swing,M1,F2,OP-23,-0.02,pass,
B00291,2026-03-13,Night,M1,F2,OP-31,0.33,fail,17
B00292,2026-03-13,Night,M2,F4,OP-32,-0.23,pass,
B00293,2026-03-13,Night,M2,F3,OP-31,0.19,pass,
B00294,2026-03-13,Night,M1,F2,OP-32,0.32,fail,14
B00295,2026-03-13,Night,M2,F4,OP-33,-0.06,pass,
B00296,2026-03-13,Night,M1,F2,OP-33,0.03,pass,
B00297,2026-03-13,Night,M2,F3,OP-31,0.28,fail,14
B00298,2026-03-13,Night,M1,F2,OP-32,0.32,fail,19
B00299,2026-03-13,Night,M2,F4,OP-31,0.07,pass,
B00300,2026-03-13,Night,M1,F1,OP-32,0.1,pass,
B00301,2026-03-16,Day,M1,F2,OP-11,0.04,pass,
B00302,2026-03-16,Day,M2,F3,OP-11,0.01,pass,
B00303,2026-03-16,Day,M1,F2,OP-12,-0.01,pass,
B00304,2026-03-16,Day,M2,F4,OP-12,-0.05,pass,
B00305,2026-03-16,Day,M2,F4,OP-11,0.02,pass,
B00306,2026-03-16,Day,M1,F2,OP-11,-0.05,pass,
B00307,2026-03-16,Day,M1,F1,OP-12,-0.02,pass,
B00308,2026-03-16,Day,M1,F1,OP-11,0.06,pass,
B00309,2026-03-16,Day,M2,F3,OP-12,0.11,pass,
B00310,2026-03-16,Day,M2,F3,OP-13,0.23,pass,
B00311,2026-03-16,Swing,M2,F3,OP-21,0.04,pass,
B00312,2026-03-16,Swing,M2,F3,OP-22,0.24,pass,
B00313,2026-03-16,Swing,M1,F2,OP-23,0.12,pass,
B00314,2026-03-16,Swing,M1,F1,OP-23,-0.03,pass,
B00315,2026-03-16,Swing,M1,F2,OP-23,-0.03,pass,
B00316,2026-03-16,Swing,M2,F3,OP-22,0.08,pass,
B00317,2026-03-16,Swing,M2,F4,OP-22,0.08,pass,
B00318,2026-03-16,Swing,M2,F4,OP-22,-0.11,pass,
B00319,2026-03-16,Swing,M1,F2,OP-21,-0.0,pass,
B00320,2026-03-16,Swing,M1,F2,OP-22,-0.06,pass,
B00321,2026-03-16,Night,M2,F4,OP-32,-0.07,pass,
B00322,2026-03-16,Night,M2,F3,OP-31,-0.19,pass,
B00323,2026-03-16,Night,M1,F2,OP-33,0.16,pass,
B00324,2026-03-16,Night,M1,F2,OP-32,0.19,pass,
B00325,2026-03-16,Night,M2,F4,OP-32,0.11,pass,
B00326,2026-03-16,Night,M1,F1,OP-32,0.21,pass,
B00327,2026-03-16,Night,M1,F1,OP-33,0.12,pass,
B00328,2026-03-16,Night,M1,F1,OP-32,0.01,pass,
B00329,2026-03-16,Night,M1,F1,OP-31,0.05,pass,
B00330,2026-03-16,Night,M2,F3,OP-33,-0.12,pass,
B00331,2026-03-17,Day,M1,F1,OP-13,-0.06,pass,
B00332,2026-03-17,Day,M2,F3,OP-13,0.18,pass,
B00333,2026-03-17,Day,M1,F1,OP-11,-0.0,pass,
B00334,2026-03-17,Day,M1,F2,OP-13,0.03,pass,
B00335,2026-03-17,Day,M2,F3,OP-12,0.15,pass,
B00336,2026-03-17,Day,M1,F1,OP-13,0.08,pass,
B00337,2026-03-17,Day,M2,F3,OP-11,0.15,pass,
B00338,2026-03-17,Day,M2,F4,OP-11,0.07,pass,
B00339,2026-03-17,Day,M1,F2,OP-13,0.15,pass,
B00340,2026-03-17,Day,M2,F4,OP-11,-0.19,pass,
B00341,2026-03-17,Swing,M1,F1,OP-21,-0.2,pass,
B00342,2026-03-17,Swing,M2,F3,OP-22,0.29,fail,23
B00343,2026-03-17,Swing,M1,F1,OP-23,-0.08,pass,
B00344,2026-03-17,Swing,M1,F2,OP-22,0.01,pass,
B00345,2026-03-17,Swing,M2,F4,OP-23,0.0,pass,
B00346,2026-03-17,Swing,M1,F1,OP-21,-0.27,fail,11
B00347,2026-03-17,Swing,M2,F3,OP-23,0.19,pass,
B00348,2026-03-17,Swing,M2,F4,OP-22,0.03,pass,
B00349,2026-03-17,Swing,M1,F2,OP-21,0.01,pass,
B00350,2026-03-17,Swing,M1,F2,OP-23,0.06,pass,
B00351,2026-03-17,Night,M2,F3,OP-32,0.32,fail,22
B00352,2026-03-17,Night,M2,F3,OP-32,-0.17,pass,
B00353,2026-03-17,Night,M2,F3,OP-31,-0.02,pass,
B00354,2026-03-17,Night,M2,F4,OP-32,-0.15,pass,
B00355,2026-03-17,Night,M2,F3,OP-32,0.05,pass,
B00356,2026-03-17,Night,M1,F2,OP-31,-0.11,pass,
B00357,2026-03-17,Night,M1,F1,OP-33,0.29,fail,16
B00358,2026-03-17,Night,M2,F3,OP-31,0.13,pass,
B00359,2026-03-17,Night,M2,F4,OP-33,0.27,fail,17
B00360,2026-03-17,Night,M2,F3,OP-32,0.12,pass,
B00361,2026-03-18,Day,M1,F1,OP-12,-0.05,pass,
B00362,2026-03-18,Day,M2,F4,OP-11,-0.0,pass,
B00363,2026-03-18,Day,M2,F3,OP-12,0.29,fail,19
B00364,2026-03-18,Day,M1,F1,OP-13,0.05,pass,
B00365,2026-03-18,Day,M2,F3,OP-13,-0.01,pass,
B00366,2026-03-18,Day,M1,F2,OP-11,-0.07,pass,
B00367,2026-03-18,Day,M1,F1,OP-12,0.08,pass,
B00368,2026-03-18,Day,M2,F4,OP-11,-0.1,pass,
B00369,2026-03-18,Day,M2,F4,OP-13,-0.21,pass,
B00370,2026-03-18,Day,M1,F2,OP-11,-0.05,pass,
B00371,2026-03-18,Swing,M2,F4,OP-22,0.16,pass,
B00372,2026-03-18,Swing,M2,F4,OP-23,-0.16,pass,
B00373,2026-03-18,Swing,M2,F3,OP-23,0.38,fail,18
B00374,2026-03-18,Swing,M2,F4,OP-22,0.03,pass,
B00375,2026-03-18,Swing,M1,F1,OP-21,0.06,pass,
B00376,2026-03-18,Swing,M2,F4,OP-21,-0.17,pass,
B00377,2026-03-18,Swing,M1,F2,OP-23,-0.05,pass,
B00378,2026-03-18,Swing,M1,F2,OP-23,-0.12,pass,
B00379,2026-03-18,Swing,M1,F1,OP-21,-0.15,pass,
B00380,2026-03-18,Swing,M1,F2,OP-21,0.06,pass,
B00381,2026-03-18,Night,M2,F3,OP-33,-0.13,pass,
B00382,2026-03-18,Night,M1,F2,OP-31,0.08,pass,
B00383,2026-03-18,Night,M2,F4,OP-32,-0.13,pass,
B00384,2026-03-18,Night,M1,F2,OP-32,0.28,fail,35
B00385,2026-03-18,Night,M1,F2,OP-31,-0.16,pass,
B00386,2026-03-18,Night,M1,F1,OP-32,0.23,pass,
B00387,2026-03-18,Night,M1,F1,OP-33,-0.1,pass,
B00388,2026-03-18,Night,M2,F3,OP-31,0.16,pass,
B00389,2026-03-18,Night,M1,F1,OP-33,-0.27,fail,14
B00390,2026-03-18,Night,M2,F3,OP-31,0.28,fail,26
B00391,2026-03-19,Day,M1,F2,OP-13,0.11,pass,
B00392,2026-03-19,Day,M2,F4,OP-11,-0.03,pass,
B00393,2026-03-19,Day,M2,F4,OP-12,0.02,pass,
B00394,2026-03-19,Day,M1,F1,OP-13,-0.0,pass,
B00395,2026-03-19,Day,M1,F2,OP-13,-0.06,pass,
B00396,2026-03-19,Day,M2,F3,OP-13,0.08,pass,
B00397,2026-03-19,Day,M2,F3,OP-11,0.11,pass,
B00398,2026-03-19,Day,M1,F2,OP-13,-0.14,pass,
B00399,2026-03-19,Day,M1,F1,OP-13,-0.08,pass,
B00400,2026-03-19,Day,M2,F4,OP-12,0.03,pass,
B00401,2026-03-19,Swing,M2,F3,OP-21,0.03,pass,
B00402,2026-03-19,Swing,M1,F2,OP-21,-0.04,pass,
B00403,2026-03-19,Swing,M2,F3,OP-22,0.11,pass,
B00404,2026-03-19,Swing,M2,F3,OP-21,0.08,pass,
B00405,2026-03-19,Swing,M2,F4,OP-22,-0.12,pass,
B00406,2026-03-19,Swing,M2,F4,OP-22,-0.17,pass,
B00407,2026-03-19,Swing,M1,F1,OP-23,-0.07,pass,
B00408,2026-03-19,Swing,M2,F3,OP-22,0.09,pass,
B00409,2026-03-19,Swing,M1,F2,OP-22,0.01,pass,
B00410,2026-03-19,Swing,M2,F3,OP-23,0.21,pass,
B00411,2026-03-19,Night,M2,F4,OP-32,-0.27,fail,13
B00412,2026-03-19,Night,M2,F3,OP-32,0.03,pass,
B00413,2026-03-19,Night,M2,F4,OP-32,0.02,pass,
B00414,2026-03-19,Night,M1,F1,OP-33,-0.05,pass,
B00415,2026-03-19,Night,M1,F2,OP-33,-0.21,pass,
B00416,2026-03-19,Night,M1,F1,OP-32,0.09,pass,
B00417,2026-03-19,Night,M2,F3,OP-32,0.26,fail,23
B00418,2026-03-19,Night,M2,F3,OP-31,0.08,pass,
B00419,2026-03-19,Night,M2,F4,OP-31,0.2,pass,
B00420,2026-03-19,Night,M1,F1,OP-31,0.03,pass,
B00421,2026-03-20,Day,M1,F2,OP-12,-0.02,pass,
B00422,2026-03-20,Day,M2,F3,OP-12,0.23,pass,
B00423,2026-03-20,Day,M2,F3,OP-12,0.31,fail,19
B00424,2026-03-20,Day,M2,F4,OP-12,-0.2,pass,
B00425,2026-03-20,Day,M2,F4,OP-11,0.0,pass,
B00426,2026-03-20,Day,M1,F2,OP-11,-0.06,pass,
B00427,2026-03-20,Day,M1,F1,OP-13,0.12,pass,
B00428,2026-03-20,Day,M2,F4,OP-11,0.21,pass,
B00429,2026-03-20,Day,M1,F1,OP-12,0.1,pass,
B00430,2026-03-20,Day,M1,F1,OP-12,0.01,pass,
B00431,2026-03-20,Swing,M2,F3,OP-22,0.07,pass,
B00432,2026-03-20,Swing,M1,F1,OP-23,0.14,pass,
B00433,2026-03-20,Swing,M1,F2,OP-23,-0.11,pass,
B00434,2026-03-20,Swing,M2,F3,OP-21,0.23,pass,
B00435,2026-03-20,Swing,M1,F1,OP-21,0.09,pass,
B00436,2026-03-20,Swing,M1,F1,OP-22,0.1,pass,
B00437,2026-03-20,Swing,M1,F2,OP-22,0.09,pass,
B00438,2026-03-20,Swing,M1,F1,OP-23,0.08,pass,
B00439,2026-03-20,Swing,M1,F2,OP-21,-0.1,pass,
B00440,2026-03-20,Swing,M1,F2,OP-23,-0.04,pass,
B00441,2026-03-20,Night,M2,F3,OP-31,0.09,pass,
B00442,2026-03-20,Night,M2,F4,OP-31,-0.11,pass,
B00443,2026-03-20,Night,M2,F4,OP-33,-0.02,pass,
B00444,2026-03-20,Night,M2,F4,OP-33,0.08,pass,
B00445,2026-03-20,Night,M1,F2,OP-33,0.21,pass,
B00446,2026-03-20,Night,M1,F2,OP-32,-0.03,pass,
B00447,2026-03-20,Night,M2,F3,OP-31,0.16,pass,
B00448,2026-03-20,Night,M1,F2,OP-31,0.08,pass,
B00449,2026-03-20,Night,M1,F1,OP-32,0.0,pass,
B00450,2026-03-20,Night,M2,F4,OP-31,-0.08,pass,
B00451,2026-03-23,Day,M1,F2,OP-12,-0.02,pass,
B00452,2026-03-23,Day,M2,F3,OP-13,0.13,pass,
B00453,2026-03-23,Day,M2,F4,OP-13,-0.04,pass,
B00454,2026-03-23,Day,M2,F4,OP-13,-0.11,pass,
B00455,2026-03-23,Day,M2,F4,OP-11,0.07,pass,
B00456,2026-03-23,Day,M1,F1,OP-11,0.09,pass,
B00457,2026-03-23,Day,M1,F2,OP-11,-0.04,pass,
B00458,2026-03-23,Day,M2,F4,OP-11,-0.03,pass,
B00459,2026-03-23,Day,M2,F4,OP-11,-0.15,pass,
B00460,2026-03-23,Day,M2,F3,OP-11,0.18,pass,
B00461,2026-03-23,Swing,M1,F2,OP-22,0.1,pass,
B00462,2026-03-23,Swing,M2,F3,OP-23,0.03,pass,
B00463,2026-03-23,Swing,M1,F2,OP-21,0.08,pass,
B00464,2026-03-23,Swing,M2,F4,OP-21,-0.13,pass,
B00465,2026-03-23,Swing,M1,F1,OP-22,0.07,pass,
B00466,2026-03-23,Swing,M2,F4,OP-23,-0.0,pass,
B00467,2026-03-23,Swing,M2,F4,OP-22,-0.02,pass,
B00468,2026-03-23,Swing,M1,F2,OP-23,0.09,pass,
B00469,2026-03-23,Swing,M1,F2,OP-23,0.05,pass,
B00470,2026-03-23,Swing,M2,F3,OP-21,0.23,pass,
B00471,2026-03-23,Night,M2,F4,OP-32,0.12,pass,
B00472,2026-03-23,Night,M1,F2,OP-32,0.06,pass,
B00473,2026-03-23,Night,M1,F1,OP-33,0.13,pass,
B00474,2026-03-23,Night,M2,F3,OP-33,0.24,pass,
B00475,2026-03-23,Night,M2,F4,OP-33,-0.15,pass,
B00476,2026-03-23,Night,M1,F1,OP-31,0.1,pass,
B00477,2026-03-23,Night,M2,F4,OP-31,-0.24,pass,
B00478,2026-03-23,Night,M1,F1,OP-33,0.04,pass,
B00479,2026-03-23,Night,M2,F3,OP-33,0.2,pass,
B00480,2026-03-23,Night,M1,F1,OP-32,0.06,pass,
B00481,2026-03-24,Day,M1,F2,OP-12,0.04,pass,
B00482,2026-03-24,Day,M2,F3,OP-13,0.09,pass,
B00483,2026-03-24,Day,M1,F2,OP-11,0.18,pass,
B00484,2026-03-24,Day,M1,F1,OP-12,-0.08,pass,
B00485,2026-03-24,Day,M2,F3,OP-11,0.16,pass,
B00486,2026-03-24,Day,M1,F1,OP-12,0.04,pass,
B00487,2026-03-24,Day,M1,F2,OP-13,-0.03,pass,
B00488,2026-03-24,Day,M2,F3,OP-13,0.07,pass,
B00489,2026-03-24,Day,M1,F1,OP-13,0.07,pass,
B00490,2026-03-24,Day,M2,F4,OP-12,-0.02,pass,
B00491,2026-03-24,Swing,M2,F4,OP-23,0.07,pass,
B00492,2026-03-24,Swing,M1,F2,OP-21,-0.14,pass,
B00493,2026-03-24,Swing,M2,F3,OP-21,0.28,fail,18
B00494,2026-03-24,Swing,M1,F1,OP-21,-0.02,pass,
B00495,2026-03-24,Swing,M2,F4,OP-21,-0.07,pass,
B00496,2026-03-24,Swing,M1,F1,OP-21,-0.09,pass,
B00497,2026-03-24,Swing,M1,F2,OP-23,0.2,pass,
B00498,2026-03-24,Swing,M1,F2,OP-22,-0.01,pass,
B00499,2026-03-24,Swing,M1,F2,OP-22,0.01,pass,
B00500,2026-03-24,Swing,M2,F3,OP-23,0.2,pass,
B00501,2026-03-24,Night,M1,F2,OP-31,-0.04,pass,
B00502,2026-03-24,Night,M1,F2,OP-33,0.21,pass,
B00503,2026-03-24,Night,M2,F3,OP-33,0.31,fail,17
B00504,2026-03-24,Night,M1,F1,OP-33,-0.02,pass,
B00505,2026-03-24,Night,M1,F1,OP-31,0.0,pass,
B00506,2026-03-24,Night,M1,F1,OP-32,-0.05,pass,
B00507,2026-03-24,Night,M2,F4,OP-33,-0.14,pass,
B00508,2026-03-24,Night,M2,F3,OP-31,-0.03,pass,
B00509,2026-03-24,Night,M2,F3,OP-32,-0.05,pass,
B00510,2026-03-24,Night,M2,F4,OP-31,0.02,pass,
B00511,2026-03-25,Day,M1,F2,OP-13,-0.13,pass,
B00512,2026-03-25,Day,M2,F3,OP-11,0.1,pass,
B00513,2026-03-25,Day,M2,F4,OP-13,-0.04,pass,
B00514,2026-03-25,Day,M1,F2,OP-13,-0.03,pass,
B00515,2026-03-25,Day,M2,F3,OP-12,0.08,pass,
B00516,2026-03-25,Day,M2,F3,OP-12,0.04,pass,
B00517,2026-03-25,Day,M1,F1,OP-12,0.14,pass,
B00518,2026-03-25,Day,M1,F1,OP-11,0.11,pass,
B00519,2026-03-25,Day,M1,F2,OP-12,0.06,pass,
B00520,2026-03-25,Day,M1,F1,OP-11,0.07,pass,
B00521,2026-03-25,Swing,M1,F2,OP-22,-0.07,pass,
B00522,2026-03-25,Swing,M2,F3,OP-22,-0.04,pass,
B00523,2026-03-25,Swing,M2,F4,OP-23,-0.14,pass,
B00524,2026-03-25,Swing,M1,F1,OP-23,-0.02,pass,
B00525,2026-03-25,Swing,M2,F3,OP-22,-0.04,pass,
B00526,2026-03-25,Swing,M1,F2,OP-21,0.13,pass,
B00527,2026-03-25,Swing,M2,F4,OP-21,0.1,pass,
B00528,2026-03-25,Swing,M1,F1,OP-23,0.14,pass,
B00529,2026-03-25,Swing,M1,F1,OP-21,0.08,pass,
B00530,2026-03-25,Swing,M2,F3,OP-21,0.08,pass,
B00531,2026-03-25,Night,M2,F4,OP-33,-0.06,pass,
B00532,2026-03-25,Night,M1,F1,OP-31,0.23,pass,
B00533,2026-03-25,Night,M1,F2,OP-32,0.11,pass,
B00534,2026-03-25,Night,M1,F2,OP-31,0.04,pass,
B00535,2026-03-25,Night,M1,F2,OP-31,0.0,pass,
B00536,2026-03-25,Night,M2,F3,OP-33,0.07,pass,
B00537,2026-03-25,Night,M1,F2,OP-32,-0.22,pass,
B00538,2026-03-25,Night,M2,F3,OP-31,0.1,pass,
B00539,2026-03-25,Night,M2,F4,OP-32,0.16,pass,
B00540,2026-03-25,Night,M2,F4,OP-31,0.08,pass,
B00541,2026-03-26,Day,M1,F2,OP-12,0.01,pass,
B00542,2026-03-26,Day,M1,F2,OP-12,0.0,pass,
B00543,2026-03-26,Day,M1,F2,OP-13,-0.05,pass,
B00544,2026-03-26,Day,M2,F3,OP-12,0.15,pass,
B00545,2026-03-26,Day,M2,F4,OP-13,0.01,pass,
B00546,2026-03-26,Day,M1,F1,OP-13,-0.1,pass,
B00547,2026-03-26,Day,M1,F1,OP-11,-0.03,pass,
B00548,2026-03-26,Day,M1,F2,OP-12,-0.06,pass,
B00549,2026-03-26,Day,M1,F2,OP-11,0.07,pass,
B00550,2026-03-26,Day,M2,F4,OP-12,-0.11,pass,
B00551,2026-03-26,Swing,M1,F2,OP-21,-0.1,pass,
B00552,2026-03-26,Swing,M1,F2,OP-23,-0.11,pass,
B00553,2026-03-26,Swing,M2,F4,OP-21,-0.09,pass,
B00554,2026-03-26,Swing,M1,F2,OP-21,0.06,pass,
B00555,2026-03-26,Swing,M2,F3,OP-22,0.14,pass,
B00556,2026-03-26,Swing,M2,F3,OP-21,0.08,pass,
B00557,2026-03-26,Swing,M1,F2,OP-21,-0.06,pass,
B00558,2026-03-26,Swing,M2,F4,OP-22,0.06,pass,
B00559,2026-03-26,Swing,M1,F1,OP-21,0.06,pass,
B00560,2026-03-26,Swing,M2,F3,OP-22,-0.04,pass,
B00561,2026-03-26,Night,M2,F4,OP-33,0.02,pass,
B00562,2026-03-26,Night,M1,F1,OP-32,0.07,pass,
B00563,2026-03-26,Night,M1,F1,OP-33,-0.05,pass,
B00564,2026-03-26,Night,M1,F2,OP-32,-0.29,fail,27
B00565,2026-03-26,Night,M2,F4,OP-32,0.01,pass,
B00566,2026-03-26,Night,M2,F3,OP-32,0.39,fail,20
B00567,2026-03-26,Night,M1,F2,OP-33,0.04,pass,
B00568,2026-03-26,Night,M2,F3,OP-33,0.23,pass,
B00569,2026-03-26,Night,M2,F3,OP-32,0.07,pass,
B00570,2026-03-26,Night,M2,F3,OP-32,0.18,pass,
B00571,2026-03-27,Day,M2,F3,OP-13,0.16,pass,
B00572,2026-03-27,Day,M1,F1,OP-13,0.15,pass,
B00573,2026-03-27,Day,M1,F1,OP-12,-0.04,pass,
B00574,2026-03-27,Day,M1,F1,OP-11,-0.07,pass,
B00575,2026-03-27,Day,M1,F2,OP-13,-0.02,pass,
B00576,2026-03-27,Day,M1,F1,OP-13,-0.03,pass,
B00577,2026-03-27,Day,M2,F3,OP-11,0.14,pass,
B00578,2026-03-27,Day,M1,F1,OP-13,-0.23,pass,
B00579,2026-03-27,Day,M1,F1,OP-13,-0.07,pass,
B00580,2026-03-27,Day,M2,F4,OP-13,0.07,pass,
B00581,2026-03-27,Swing,M2,F4,OP-22,0.23,pass,
B00582,2026-03-27,Swing,M1,F2,OP-21,-0.12,pass,
B00583,2026-03-27,Swing,M1,F1,OP-22,0.07,pass,
B00584,2026-03-27,Swing,M2,F3,OP-23,0.24,pass,
B00585,2026-03-27,Swing,M1,F2,OP-21,-0.03,pass,
B00586,2026-03-27,Swing,M1,F2,OP-21,0.08,pass,
B00587,2026-03-27,Swing,M2,F3,OP-23,0.23,pass,
B00588,2026-03-27,Swing,M2,F3,OP-22,0.06,pass,
B00589,2026-03-27,Swing,M2,F3,OP-23,0.22,pass,
B00590,2026-03-27,Swing,M1,F2,OP-21,0.05,pass,
B00591,2026-03-27,Night,M1,F2,OP-32,0.02,pass,
B00592,2026-03-27,Night,M2,F3,OP-33,0.25,pass,
B00593,2026-03-27,Night,M1,F1,OP-32,-0.04,pass,
B00594,2026-03-27,Night,M2,F4,OP-31,-0.12,pass,
B00595,2026-03-27,Night,M1,F1,OP-32,-0.13,pass,
B00596,2026-03-27,Night,M1,F2,OP-33,0.35,fail,28
B00597,2026-03-27,Night,M1,F1,OP-31,0.07,pass,
B00598,2026-03-27,Night,M1,F2,OP-31,-0.32,fail,27
B00599,2026-03-27,Night,M2,F3,OP-33,0.08,pass,
B00600,2026-03-27,Night,M1,F2,OP-32,0.12,pass,
B00601,2026-03-30,Day,M1,F1,OP-11,-0.01,pass,
B00602,2026-03-30,Day,M1,F2,OP-12,-0.02,pass,
B00603,2026-03-30,Day,M1,F2,OP-12,-0.14,pass,
B00604,2026-03-30,Day,M2,F4,OP-11,-0.21,pass,
B00605,2026-03-30,Day,M1,F2,OP-13,-0.03,pass,
B00606,2026-03-30,Day,M1,F2,OP-11,0.0,pass,
B00607,2026-03-30,Day,M2,F3,OP-13,0.13,pass,
B00608,2026-03-30,Day,M1,F1,OP-13,-0.03,pass,
B00609,2026-03-30,Day,M1,F2,OP-13,0.02,pass,
B00610,2026-03-30,Day,M2,F3,OP-11,0.05,pass,
B00611,2026-03-30,Swing,M1,F2,OP-23,0.02,pass,
B00612,2026-03-30,Swing,M2,F4,OP-22,-0.03,pass,
B00613,2026-03-30,Swing,M2,F4,OP-22,-0.13,pass,
B00614,2026-03-30,Swing,M2,F4,OP-21,-0.12,pass,
B00615,2026-03-30,Swing,M1,F2,OP-21,0.13,pass,
B00616,2026-03-30,Swing,M2,F3,OP-22,0.15,pass,
B00617,2026-03-30,Swing,M2,F4,OP-22,0.04,pass,
B00618,2026-03-30,Swing,M1,F2,OP-23,0.26,fail,17
B00619,2026-03-30,Swing,M1,F2,OP-23,0.04,pass,
B00620,2026-03-30,Swing,M2,F3,OP-22,0.09,pass,
B00621,2026-03-30,Night,M2,F4,OP-32,0.29,fail,34
B00622,2026-03-30,Night,M1,F2,OP-33,0.14,pass,
B00623,2026-03-30,Night,M1,F1,OP-31,-0.1,pass,
B00624,2026-03-30,Night,M2,F4,OP-31,-0.04,pass,
B00625,2026-03-30,Night,M2,F3,OP-31,0.08,pass,
B00626,2026-03-30,Night,M1,F2,OP-32,-0.19,pass,
B00627,2026-03-30,Night,M2,F4,OP-32,0.04,pass,
B00628,2026-03-30,Night,M1,F2,OP-33,-0.01,pass,
B00629,2026-03-30,Night,M1,F2,OP-33,-0.15,pass,
B00630,2026-03-30,Night,M2,F4,OP-33,-0.16,pass,
B00631,2026-03-31,Day,M2,F3,OP-12,0.12,pass,
B00632,2026-03-31,Day,M1,F1,OP-11,-0.0,pass,
B00633,2026-03-31,Day,M2,F4,OP-12,-0.02,pass,
B00634,2026-03-31,Day,M1,F1,OP-12,0.02,pass,
B00635,2026-03-31,Day,M1,F2,OP-11,0.03,pass,
B00636,2026-03-31,Day,M2,F4,OP-11,-0.0,pass,
B00637,2026-03-31,Day,M1,F1,OP-13,-0.14,pass,
B00638,2026-03-31,Day,M2,F3,OP-13,0.23,pass,
B00639,2026-03-31,Day,M1,F1,OP-13,-0.08,pass,
B00640,2026-03-31,Day,M1,F2,OP-12,-0.0,pass,
B00641,2026-03-31,Swing,M1,F1,OP-23,,pass,
B00642,2026-03-31,Swing,M2,F3,OP-22,0.24,pass,
B00643,2026-03-31,Swing,M2,F4,OP-21,-0.07,pass,
B00644,2026-03-31,Swing,M1,F1,OP-23,-0.02,pass,
B00645,2026-03-31,Swing,M2,F3,OP-22,0.15,pass,
B00646,2026-03-31,Swing,M2,F3,OP-23,,pass,
B00647,2026-03-31,Swing,M2,F4,OP-21,0.07,pass,
B00648,2026-03-31,Swing,M2,F3,OP-22,0.12,pass,
B00649,2026-03-31,Swing,M2,F4,OP-23,0.06,pass,
B00650,2026-03-31,Swing,M2,F3,OP-21,0.06,pass,
B00651,2026-03-31,Night,M2,F3,OP-33,0.15,pass,
B00652,2026-03-31,Night,M2,F4,OP-31,0.05,pass,
B00653,2026-03-31,Night,M2,F4,OP-33,0.01,pass,
B00654,2026-03-31,Night,M1,F2,OP-32,0.12,pass,
B00655,2026-03-31,Night,M1,F1,OP-32,0.22,pass,
B00656,2026-03-31,Night,M1,F2,OP-31,-0.07,pass,
B00657,2026-03-31,Night,M1,F1,OP-32,0.22,pass,
B00658,2026-03-31,Night,M1,F2,OP-33,0.07,pass,
B00659,2026-03-31,Night,M2,F4,OP-31,-0.03,pass,
B00660,2026-03-31,Night,M2,F3,OP-31,0.07,pass,
B00661,2026-04-01,Day,M1,F1,OP-11,0.04,pass,
B00662,2026-04-01,Day,M2,F3,OP-13,0.09,pass,
B00663,2026-04-01,Day,M1,F1,OP-13,-0.01,pass,
B00664,2026-04-01,Day,M2,F3,OP-13,0.1,pass,
B00665,2026-04-01,Day,M1,F2,OP-11,-0.09,pass,
B00666,2026-04-01,Day,M1,F2,OP-11,-0.1,pass,
B00667,2026-04-01,Day,M2,F4,OP-11,0.08,pass,
B00668,2026-04-01,Day,M1,F2,OP-13,-0.12,pass,
B00669,2026-04-01,Day,M2,F3,OP-11,0.15,pass,
B00670,2026-04-01,Day,M1,F1,OP-11,-0.05,pass,
B00671,2026-04-01,Swing,M2,F4,OP-23,-0.05,pass,
B00672,2026-04-01,Swing,M2,F4,OP-22,-0.01,pass,
B00673,2026-04-01,Swing,M2,F3,OP-23,0.11,pass,
B00674,2026-04-01,Swing,M2,F3,OP-23,0.07,pass,
B00675,2026-04-01,Swing,M1,F2,OP-22,0.23,pass,
B00676,2026-04-01,Swing,M2,F3,OP-22,-0.12,pass,
B00677,2026-04-01,Swing,M2,F4,OP-22,-0.15,pass,
B00678,2026-04-01,Swing,M1,F2,OP-23,-0.03,pass,
B00679,2026-04-01,Swing,M1,F1,OP-22,0.09,pass,
B00680,2026-04-01,Swing,M1,F2,OP-22,0.07,pass,
B00681,2026-04-01,Night,M2,F4,OP-31,0.23,pass,
B00682,2026-04-01,Night,M2,F4,OP-31,0.03,pass,
B00683,2026-04-01,Night,M2,F3,OP-32,-0.02,pass,
B00684,2026-04-01,Night,M1,F1,OP-33,-0.12,pass,
B00685,2026-04-01,Night,M2,F3,OP-33,0.11,pass,
B00686,2026-04-01,Night,M2,F3,OP-33,0.1,pass,
B00687,2026-04-01,Night,M2,F3,OP-33,0.14,pass,
B00688,2026-04-01,Night,M1,F1,OP-31,0.07,pass,
B00689,2026-04-01,Night,M1,F1,OP-32,0.16,pass,
B00690,2026-04-01,Night,M1,F1,OP-33,0.05,pass,
B00691,2026-04-02,Day,M1,F2,OP-13,-0.0,pass,
B00692,2026-04-02,Day,M2,F4,OP-11,0.04,pass,
B00693,2026-04-02,Day,M1,F2,OP-12,0.07,pass,
B00694,2026-04-02,Day,M2,F3,OP-12,0.32,fail,11
B00695,2026-04-02,Day,M2,F4,OP-13,-0.13,pass,
B00696,2026-04-02,Day,M2,F3,OP-13,0.06,pass,
B00697,2026-04-02,Day,M2,F4,OP-13,0.05,pass,
B00698,2026-04-02,Day,M2,F4,OP-11,0.04,pass,
B00699,2026-04-02,Day,M1,F1,OP-12,0.05,pass,
B00700,2026-04-02,Day,M1,F1,OP-12,-0.24,pass,
B00701,2026-04-02,Swing,M1,F2,OP-23,-0.07,pass,
B00702,2026-04-02,Swing,M1,F1,OP-22,0.26,fail,26
B00703,2026-04-02,Swing,M1,F2,OP-22,0.07,pass,
B00704,2026-04-02,Swing,M2,F3,OP-22,0.12,pass,
B00705,2026-04-02,Swing,M1,F1,OP-21,0.13,pass,
B00706,2026-04-02,Swing,M1,F1,OP-21,0.02,pass,
B00707,2026-04-02,Swing,M2,F3,OP-22,0.06,pass,
B00708,2026-04-02,Swing,M1,F2,OP-23,-0.01,pass,
B00709,2026-04-02,Swing,M2,F4,OP-22,-0.05,pass,
B00710,2026-04-02,Swing,M2,F4,OP-21,0.04,pass,
B00711,2026-04-02,Night,M1,F2,OP-33,-0.18,pass,
B00712,2026-04-02,Night,M1,F1,OP-31,-0.05,pass,
B00713,2026-04-02,Night,M1,F2,OP-33,0.05,pass,
B00714,2026-04-02,Night,M2,F4,OP-31,0.05,pass,
B00715,2026-04-02,Night,M2,F3,OP-33,-0.01,pass,
B00716,2026-04-02,Night,M2,F3,OP-33,-0.17,pass,
B00717,2026-04-02,Night,M1,F2,OP-31,0.05,pass,
B00718,2026-04-02,Night,M1,F2,OP-31,-0.11,pass,
B00719,2026-04-02,Night,M1,F2,OP-32,-0.38,fail,15
B00720,2026-04-02,Night,M1,F2,OP-32,0.01,pass,
B00721,2026-04-03,Day,M2,F4,OP-12,-0.09,pass,
B00722,2026-04-03,Day,M2,F3,OP-11,0.15,pass,
B00723,2026-04-03,Day,M1,F2,OP-11,0.05,pass,
B00724,2026-04-03,Day,M1,F2,OP-13,0.11,pass,
B00725,2026-04-03,Day,M2,F3,OP-11,0.04,pass,
B00726,2026-04-03,Day,M1,F1,OP-11,-0.2,pass,
B00727,2026-04-03,Day,M2,F4,OP-13,-0.01,pass,
B00728,2026-04-03,Day,M2,F4,OP-13,0.02,pass,
B00729,2026-04-03,Day,M2,F3,OP-11,0.05,pass,
B00730,2026-04-03,Day,M2,F4,OP-13,-0.14,pass,
B00731,2026-04-03,Swing,M2,F3,OP-21,0.23,pass,
B00732,2026-04-03,Swing,M1,F1,OP-22,-0.2,pass,
B00733,2026-04-03,Swing,M2,F4,OP-22,0.14,pass,
B00734,2026-04-03,Swing,M2,F3,OP-21,0.38,fail,25
B00735,2026-04-03,Swing,M2,F3,OP-21,0.18,pass,
B00736,2026-04-03,Swing,M2,F3,OP-23,0.29,fail,19
B00737,2026-04-03,Swing,M2,F3,OP-23,-0.01,pass,
B00738,2026-04-03,Swing,M2,F3,OP-23,0.11,pass,
B00739,2026-04-03,Swing,M2,F3,OP-21,0.09,pass,
B00740,2026-04-03,Swing,M1,F2,OP-21,-0.03,pass,
B00741,2026-04-03,Night,M1,F2,OP-33,0.34,fail,20
B00742,2026-04-03,Night,M1,F2,OP-32,0.15,pass,
B00743,2026-04-03,Night,M1,F1,OP-32,-0.16,pass,
B00744,2026-04-03,Night,M2,F4,OP-32,-0.25,pass,
B00745,2026-04-03,Night,M2,F4,OP-32,0.06,pass,
B00746,2026-04-03,Night,M2,F4,OP-31,0.17,pass,
B00747,2026-04-03,Night,M2,F3,OP-33,-0.26,fail,13
B00748,2026-04-03,Night,M1,F2,OP-33,0.04,pass,
B00749,2026-04-03,Night,M2,F4,OP-33,0.14,pass,
B00750,2026-04-03,Night,M1,F2,OP-31,0.23,pass,
B00751,2026-04-06,Day,M2,F3,OP-12,0.27,fail,30
B00752,2026-04-06,Day,M1,F2,OP-11,-0.01,pass,
B00753,2026-04-06,Day,M2,F4,OP-12,-0.21,pass,
B00754,2026-04-06,Day,M2,F4,OP-11,0.16,pass,
B00755,2026-04-06,Day,M2,F3,OP-13,0.04,pass,
B00756,2026-04-06,Day,M1,F1,OP-11,0.18,pass,
B00757,2026-04-06,Day,M2,F4,OP-12,-0.07,pass,
B00758,2026-04-06,Day,M1,F1,OP-11,0.02,pass,
B00759,2026-04-06,Day,M1,F2,OP-13,-0.12,pass,
B00760,2026-04-06,Day,M1,F1,OP-11,0.03,pass,
B00761,2026-04-06,Swing,M2,F3,OP-22,-0.01,pass,
B00762,2026-04-06,Swing,M2,F4,OP-23,0.2,pass,
B00763,2026-04-06,Swing,M1,F2,OP-22,-0.02,pass,
B00764,2026-04-06,Swing,M2,F4,OP-22,-0.01,pass,
B00765,2026-04-06,Swing,M2,F4,OP-23,-0.04,pass,
B00766,2026-04-06,Swing,M1,F1,OP-21,0.12,pass,
B00767,2026-04-06,Swing,M2,F3,OP-23,0.19,pass,
B00768,2026-04-06,Swing,M2,F3,OP-23,-0.02,pass,
B00769,2026-04-06,Swing,M1,F1,OP-22,-0.19,pass,
B00770,2026-04-06,Swing,M2,F4,OP-21,0.0,pass,
B00771,2026-04-06,Night,M1,F1,OP-31,0.11,pass,
B00772,2026-04-06,Night,M2,F4,OP-32,-0.19,pass,
B00773,2026-04-06,Night,M1,F1,OP-31,-0.01,pass,
B00774,2026-04-06,Night,M1,F1,OP-31,0.01,pass,
B00775,2026-04-06,Night,M2,F4,OP-31,0.27,fail,41
B00776,2026-04-06,Night,M2,F3,OP-31,-0.05,pass,
B00777,2026-04-06,Night,M1,F2,OP-31,0.12,pass,
B00778,2026-04-06,Night,M2,F4,OP-31,-0.1,pass,
B00779,2026-04-06,Night,M2,F3,OP-33,0.38,fail,8
B00780,2026-04-06,Night,M2,F4,OP-33,0.01,pass,
B00781,2026-04-07,Day,M1,F2,OP-13,0.02,pass,
B00782,2026-04-07,Day,M1,F1,OP-11,-0.08,pass,
B00783,2026-04-07,Day,M1,F1,OP-11,-0.13,pass,
B00784,2026-04-07,Day,M2,F3,OP-13,0.11,pass,
B00785,2026-04-07,Day,M1,F1,OP-12,0.07,pass,
B00786,2026-04-07,Day,M2,F4,OP-12,-0.11,pass,
B00787,2026-04-07,Day,M2,F3,OP-13,0.1,pass,
B00788,2026-04-07,Day,M1,F1,OP-13,0.04,pass,
B00789,2026-04-07,Day,M1,F1,OP-12,0.09,pass,
B00790,2026-04-07,Day,M1,F2,OP-12,0.15,pass,
B00791,2026-04-07,Swing,M1,F1,OP-23,-0.14,pass,
B00792,2026-04-07,Swing,M1,F2,OP-23,-0.11,pass,
B00793,2026-04-07,Swing,M1,F2,OP-23,-0.06,pass,
B00794,2026-04-07,Swing,M1,F2,OP-23,0.01,pass,
B00795,2026-04-07,Swing,M2,F4,OP-21,0.17,pass,
B00796,2026-04-07,Swing,M2,F4,OP-21,0.02,pass,
B00797,2026-04-07,Swing,M1,F2,OP-22,-0.2,pass,
B00798,2026-04-07,Swing,M1,F2,OP-22,-0.1,pass,
B00799,2026-04-07,Swing,M2,F4,OP-21,-0.03,pass,
B00800,2026-04-07,Swing,M1,F1,OP-22,0.01,pass,
B00801,2026-04-07,Night,M2,F4,OP-32,-0.08,pass,
B00802,2026-04-07,Night,M2,F4,OP-33,-0.16,pass,
B00803,2026-04-07,Night,M1,F1,OP-31,0.2,pass,
B00804,2026-04-07,Night,M1,F2,OP-33,0.0,pass,
B00805,2026-04-07,Night,M2,F3,OP-31,0.44,fail,36
B00806,2026-04-07,Night,M1,F1,OP-33,0.23,pass,
B00807,2026-04-07,Night,M1,F2,OP-33,0.14,pass,
B00808,2026-04-07,Night,M2,F4,OP-33,0.05,pass,
B00809,2026-04-07,Night,M1,F1,OP-31,0.15,pass,
B00810,2026-04-07,Night,M1,F1,OP-33,-0.09,pass,
B00811,2026-04-08,Day,M2,F4,OP-13,-0.02,pass,
B00812,2026-04-08,Day,M2,F4,OP-13,0.05,pass,
B00813,2026-04-08,Day,M2,F3,OP-11,0.13,pass,
B00814,2026-04-08,Day,M2,F4,OP-13,-0.02,pass,
B00815,2026-04-08,Day,M1,F1,OP-12,-0.03,pass,
B00816,2026-04-08,Day,M2,F4,OP-13,-0.0,pass,
B00817,2026-04-08,Day,M1,F1,OP-13,-0.03,pass,
B00818,2026-04-08,Day,M1,F1,OP-12,-0.02,pass,
B00819,2026-04-08,Day,M2,F4,OP-13,0.03,pass,
B00820,2026-04-08,Day,M2,F3,OP-13,0.18,pass,
B00821,2026-04-08,Swing,M2,F3,OP-21,0.2,pass,
B00822,2026-04-08,Swing,M2,F3,OP-21,0.21,pass,
B00823,2026-04-08,Swing,M2,F4,OP-23,-0.08,pass,
B00824,2026-04-08,Swing,M1,F1,OP-22,0.1,pass,
B00825,2026-04-08,Swing,M2,F4,OP-21,0.01,pass,
B00826,2026-04-08,Swing,M1,F2,OP-22,0.21,pass,
B00827,2026-04-08,Swing,M1,F1,OP-22,-0.02,pass,
B00828,2026-04-08,Swing,M1,F2,OP-21,-0.17,pass,
B00829,2026-04-08,Swing,M1,F2,OP-22,0.06,pass,
B00830,2026-04-08,Swing,M1,F1,OP-22,0.02,pass,
B00831,2026-04-08,Night,M1,F1,OP-33,-0.05,pass,
B00832,2026-04-08,Night,M2,F4,OP-32,0.24,pass,
B00833,2026-04-08,Night,M2,F3,OP-33,0.18,pass,
B00834,2026-04-08,Night,M1,F2,OP-31,0.1,pass,
B00835,2026-04-08,Night,M2,F3,OP-32,0.35,fail,26
B00836,2026-04-08,Night,M1,F1,OP-33,-0.02,pass,
B00837,2026-04-08,Night,M2,F3,OP-31,-0.03,pass,
B00838,2026-04-08,Night,M2,F3,OP-33,0.31,fail,36
B00839,2026-04-08,Night,M1,F1,OP-33,-0.05,pass,
B00840,2026-04-08,Night,M2,F3,OP-31,0.24,pass,
B00841,2026-04-09,Day,M2,F3,OP-11,0.08,pass,
B00842,2026-04-09,Day,M2,F4,OP-12,-0.06,pass,
B00843,2026-04-09,Day,M1,F1,OP-12,-0.14,pass,
B00844,2026-04-09,Day,M2,F4,OP-11,-0.02,pass,
B00845,2026-04-09,Day,M2,F3,OP-12,0.25,pass,
B00846,2026-04-09,Day,M2,F4,OP-12,-0.04,pass,
B00847,2026-04-09,Day,M1,F2,OP-12,-0.1,pass,
B00848,2026-04-09,Day,M1,F1,OP-13,-0.06,pass,
B00849,2026-04-09,Day,M2,F3,OP-13,0.24,pass,
B00850,2026-04-09,Day,M2,F4,OP-13,-0.16,pass,
B00851,2026-04-09,Swing,M1,F1,OP-22,0.12,pass,
B00852,2026-04-09,Swing,M1,F2,OP-22,0.16,pass,
B00853,2026-04-09,Swing,M2,F4,OP-23,0.13,pass,
B00854,2026-04-09,Swing,M2,F4,OP-21,-0.17,pass,
B00855,2026-04-09,Swing,M1,F1,OP-23,-0.06,pass,
B00856,2026-04-09,Swing,M2,F4,OP-21,0.11,pass,
B00857,2026-04-09,Swing,M2,F3,OP-22,0.23,pass,
B00858,2026-04-09,Swing,M2,F4,OP-21,-0.01,pass,
B00859,2026-04-09,Swing,M1,F1,OP-21,-0.02,pass,
B00860,2026-04-09,Swing,M1,F1,OP-23,0.02,pass,
B00861,2026-04-09,Night,M2,F3,OP-33,0.08,pass,
B00862,2026-04-09,Night,M1,F1,OP-32,-0.12,pass,
B00863,2026-04-09,Night,M1,F2,OP-32,0.12,pass,
B00864,2026-04-09,Night,M2,F4,OP-33,0.09,pass,
B00865,2026-04-09,Night,M2,F3,OP-32,0.06,pass,
B00866,2026-04-09,Night,M1,F2,OP-31,0.06,pass,
B00867,2026-04-09,Night,M1,F2,OP-33,0.05,pass,
B00868,2026-04-09,Night,M2,F3,OP-33,-0.01,pass,
B00869,2026-04-09,Night,M2,F3,OP-32,0.17,pass,
B00870,2026-04-09,Night,M2,F3,OP-33,0.27,fail,16
B00871,2026-04-10,Day,M1,F1,OP-13,0.04,pass,
B00872,2026-04-10,Day,M2,F4,OP-11,0.2,pass,
B00873,2026-04-10,Day,M2,F4,OP-11,0.09,pass,
B00874,2026-04-10,Day,M2,F4,OP-13,-0.06,pass,
B00875,2026-04-10,Day,M1,F2,OP-13,0.06,pass,
B00876,2026-04-10,Day,M1,F1,OP-11,0.06,pass,
B00877,2026-04-10,Day,M1,F1,OP-13,0.13,pass,
B00878,2026-04-10,Day,M1,F2,OP-12,-0.11,pass,
B00879,2026-04-10,Day,M1,F2,OP-12,-0.07,pass,
B00880,2026-04-10,Day,M1,F2,OP-13,0.11,pass,
B00881,2026-04-10,Swing,M2,F4,OP-22,0.01,pass,
B00882,2026-04-10,Swing,M2,F4,OP-21,0.03,pass,
B00883,2026-04-10,Swing,M1,F1,OP-23,-0.1,pass,
B00884,2026-04-10,Swing,M2,F4,OP-21,0.05,pass,
B00885,2026-04-10,Swing,M1,F1,OP-21,-0.08,pass,
B00886,2026-04-10,Swing,M2,F3,OP-22,0.04,pass,
B00887,2026-04-10,Swing,M2,F4,OP-23,-0.05,pass,
B00888,2026-04-10,Swing,M2,F4,OP-21,0.04,pass,
B00889,2026-04-10,Swing,M1,F1,OP-22,0.02,pass,
B00890,2026-04-10,Swing,M1,F2,OP-21,0.18,pass,
B00891,2026-04-10,Night,M1,F1,OP-31,0.05,pass,
B00892,2026-04-10,Night,M2,F3,OP-31,0.3,fail,17
B00893,2026-04-10,Night,M2,F3,OP-32,0.02,pass,
B00894,2026-04-10,Night,M1,F2,OP-31,-0.29,fail,41
B00895,2026-04-10,Night,M1,F1,OP-31,-0.06,pass,
B00896,2026-04-10,Night,M2,F4,OP-31,-0.09,pass,
B00897,2026-04-10,Night,M2,F3,OP-33,0.22,pass,
B00898,2026-04-10,Night,M1,F1,OP-33,-0.18,pass,
B00899,2026-04-10,Night,M2,F3,OP-33,0.22,pass,
B00900,2026-04-10,Night,M2,F3,OP-33,0.11,pass,
B00901,2026-04-13,Day,M1,F1,OP-13,-0.03,pass,
B00902,2026-04-13,Day,M2,F3,OP-11,0.17,pass,
B00903,2026-04-13,Day,M2,F4,OP-13,0.08,pass,
B00904,2026-04-13,Day,M2,F3,OP-11,0.23,pass,
B00905,2026-04-13,Day,M1,F1,OP-13,0.05,pass,
B00906,2026-04-13,Day,M1,F1,OP-11,-0.06,pass,
B00907,2026-04-13,Day,M1,F2,OP-12,-0.02,pass,
B00908,2026-04-13,Day,M1,F2,OP-13,0.02,pass,
B00909,2026-04-13,Day,M2,F4,OP-13,0.14,pass,
B00910,2026-04-13,Day,M2,F4,OP-12,0.24,pass,
B00911,2026-04-13,Swing,M1,F2,OP-21,-0.11,pass,
B00912,2026-04-13,Swing,M1,F2,OP-21,-0.01,pass,
B00913,2026-04-13,Swing,M1,F2,OP-21,-0.2,pass,
B00914,2026-04-13,Swing,M2,F3,OP-22,0.17,pass,
B00915,2026-04-13,Swing,M2,F4,OP-21,0.26,fail,18
B00916,2026-04-13,Swing,M1,F1,OP-21,0.08,pass,
B00917,2026-04-13,Swing,M1,F1,OP-22,0.1,pass,
B00918,2026-04-13,Swing,M2,F4,OP-23,0.18,pass,
B00919,2026-04-13,Swing,M1,F2,OP-22,-0.06,pass,
B00920,2026-04-13,Swing,M2,F3,OP-21,0.49,fail,18
B00921,2026-04-13,Night,M2,F3,OP-32,0.35,fail,24
B00922,2026-04-13,Night,M2,F4,OP-31,0.31,fail,14
B00923,2026-04-13,Night,M1,F2,OP-32,-0.19,pass,
B00924,2026-04-13,Night,M2,F3,OP-33,-0.08,pass,
B00925,2026-04-13,Night,M2,F3,OP-31,0.51,fail,21
B00926,2026-04-13,Night,M2,F3,OP-31,0.23,pass,
B00927,2026-04-13,Night,M2,F3,OP-32,0.02,pass,
B00928,2026-04-13,Night,M1,F1,OP-33,-0.03,pass,
B00929,2026-04-13,Night,M2,F4,OP-32,0.25,pass,
B00930,2026-04-13,Night,M2,F3,OP-33,0.32,fail,15
B00931,2026-04-14,Day,M2,F3,OP-13,0.41,fail,13
B00932,2026-04-14,Day,M2,F3,OP-11,0.42,fail,17
B00933,2026-04-14,Day,M2,F4,OP-13,0.39,fail,34
B00934,2026-04-14,Day,M2,F3,OP-13,0.21,pass,
B00935,2026-04-14,Day,M2,F4,OP-13,0.2,pass,
B00936,2026-04-14,Day,M2,F3,OP-13,0.26,fail,15
B00937,2026-04-14,Day,M2,F3,OP-11,0.3,fail,14
B00938,2026-04-14,Day,M1,F1,OP-11,0.14,pass,
B00939,2026-04-14,Day,M2,F4,OP-12,0.11,pass,
B00940,2026-04-14,Day,M2,F3,OP-11,0.16,pass,
B00941,2026-04-14,Swing,M2,F3,OP-22,0.11,pass,
B00942,2026-04-14,Swing,M1,F2,OP-22,0.11,pass,
B00943,2026-04-14,Swing,M1,F1,OP-22,-0.12,pass,
B00944,2026-04-14,Swing,M2,F4,OP-22,0.1,pass,
B00945,2026-04-14,Swing,M2,F3,OP-22,0.21,pass,
B00946,2026-04-14,Swing,M1,F2,OP-23,-0.07,pass,
B00947,2026-04-14,Swing,M1,F2,OP-22,0.07,pass,
B00948,2026-04-14,Swing,M2,F3,OP-22,0.34,fail,15
B00949,2026-04-14,Swing,M1,F2,OP-21,0.05,pass,
B00950,2026-04-14,Swing,M2,F3,OP-21,0.34,fail,11
B00951,2026-04-14,Night,M2,F3,OP-33,0.33,fail,10
B00952,2026-04-14,Night,M1,F1,OP-32,-0.23,pass,
B00953,2026-04-14,Night,M2,F4,OP-33,0.21,pass,
B00954,2026-04-14,Night,M2,F4,OP-32,0.34,fail,26
B00955,2026-04-14,Night,M1,F1,OP-32,0.06,pass,
B00956,2026-04-14,Night,M2,F3,OP-32,0.33,fail,18
B00957,2026-04-14,Night,M2,F4,OP-32,-0.03,pass,
B00958,2026-04-14,Night,M2,F3,OP-33,0.12,pass,
B00959,2026-04-14,Night,M2,F3,OP-33,0.19,pass,
B00960,2026-04-14,Night,M2,F4,OP-32,0.4,fail,29
B00961,2026-04-15,Day,M2,F3,OP-12,-0.07,pass,
B00962,2026-04-15,Day,M2,F4,OP-13,0.05,pass,
B00963,2026-04-15,Day,M2,F3,OP-12,0.02,pass,
B00964,2026-04-15,Day,M1,F2,OP-13,-0.04,pass,
B00965,2026-04-15,Day,M2,F3,OP-12,0.17,pass,
B00966,2026-04-15,Day,M1,F2,OP-13,-0.03,pass,
B00967,2026-04-15,Day,M1,F1,OP-11,-0.06,pass,
B00968,2026-04-15,Day,M1,F2,OP-13,0.09,pass,
B00969,2026-04-15,Day,M2,F4,OP-12,0.05,pass,
B00970,2026-04-15,Day,M1,F2,OP-12,0.01,pass,
B00971,2026-04-15,Swing,M2,F4,OP-23,0.0,pass,
B00972,2026-04-15,Swing,M1,F2,OP-23,0.13,pass,
B00973,2026-04-15,Swing,M2,F3,OP-22,0.17,pass,
B00974,2026-04-15,Swing,M2,F3,OP-22,0.15,pass,
B00975,2026-04-15,Swing,M1,F2,OP-21,-0.13,pass,
B00976,2026-04-15,Swing,M1,F1,OP-23,0.02,pass,
B00977,2026-04-15,Swing,M1,F1,OP-22,-0.09,pass,
B00978,2026-04-15,Swing,M2,F3,OP-23,0.04,pass,
B00979,2026-04-15,Swing,M1,F1,OP-21,-0.02,pass,
B00980,2026-04-15,Swing,M1,F2,OP-23,0.06,pass,
B00981,2026-04-15,Night,M1,F2,OP-31,0.02,pass,
B00982,2026-04-15,Night,M1,F1,OP-32,0.02,pass,
B00983,2026-04-15,Night,M1,F2,OP-31,0.06,pass,
B00984,2026-04-15,Night,M1,F2,OP-31,-0.13,pass,
B00985,2026-04-15,Night,M2,F4,OP-31,-0.22,pass,
B00986,2026-04-15,Night,M1,F1,OP-33,0.03,pass,
B00987,2026-04-15,Night,M1,F1,OP-33,-0.08,pass,
B00988,2026-04-15,Night,M1,F2,OP-31,-0.2,pass,
B00989,2026-04-15,Night,M2,F3,OP-31,0.43,fail,14
B00990,2026-04-15,Night,M1,F1,OP-32,-0.06,pass,
B00991,2026-04-16,Day,M2,F3,OP-11,0.0,pass,
B00992,2026-04-16,Day,M1,F2,OP-13,-0.07,pass,
B00993,2026-04-16,Day,M2,F3,OP-12,0.13,pass,
B00994,2026-04-16,Day,M2,F3,OP-13,-0.04,pass,
B00995,2026-04-16,Day,M2,F3,OP-13,0.07,pass,
B00996,2026-04-16,Day,M2,F4,OP-13,0.02,pass,
B00997,2026-04-16,Day,M2,F3,OP-11,0.09,pass,
B00998,2026-04-16,Day,M1,F2,OP-13,-0.06,pass,
B00999,2026-04-16,Day,M2,F3,OP-12,0.14,pass,
B01000,2026-04-16,Day,M1,F2,OP-12,0.06,pass,
B01001,2026-04-16,Swing,M2,F3,OP-22,0.14,pass,
B01002,2026-04-16,Swing,M2,F4,OP-21,0.01,pass,
B01003,2026-04-16,Swing,M2,F3,OP-22,0.05,pass,
B01004,2026-04-16,Swing,M2,F4,OP-23,0.06,pass,
B01005,2026-04-16,Swing,M2,F3,OP-21,0.12,pass,
B01006,2026-04-16,Swing,M2,F3,OP-23,0.12,pass,
B01007,2026-04-16,Swing,M1,F2,OP-21,0.07,pass,
B01008,2026-04-16,Swing,M2,F3,OP-21,0.01,pass,
B01009,2026-04-16,Swing,M2,F3,OP-22,0.04,pass,
B01010,2026-04-16,Swing,M2,F4,OP-21,-0.14,pass,
B01011,2026-04-16,Night,M1,F1,OP-32,-0.08,pass,
B01012,2026-04-16,Night,M2,F4,OP-32,0.09,pass,
B01013,2026-04-16,Night,M2,F3,OP-32,0.23,pass,
B01014,2026-04-16,Night,M2,F3,OP-32,0.09,pass,
B01015,2026-04-16,Night,M1,F2,OP-32,-0.06,pass,
B01016,2026-04-16,Night,M2,F3,OP-32,0.16,pass,
B01017,2026-04-16,Night,M2,F4,OP-33,0.1,pass,
B01018,2026-04-16,Night,M1,F2,OP-31,-0.16,pass,
B01019,2026-04-16,Night,M2,F3,OP-32,-0.1,pass,
B01020,2026-04-16,Night,M1,F2,OP-33,-0.02,pass,
B01021,2026-04-17,Day,M1,F2,OP-11,0.07,pass,
B01022,2026-04-17,Day,M2,F3,OP-11,0.23,pass,
B01023,2026-04-17,Day,M2,F3,OP-13,0.17,pass,
B01024,2026-04-17,Day,M1,F1,OP-12,-0.01,pass,
B01025,2026-04-17,Day,M1,F1,OP-13,-0.17,pass,
B01026,2026-04-17,Day,M2,F3,OP-11,0.08,pass,
B01027,2026-04-17,Day,M1,F1,OP-12,0.1,pass,
B01028,2026-04-17,Day,M2,F3,OP-13,0.11,pass,
B01029,2026-04-17,Day,M2,F3,OP-13,0.0,pass,
B01030,2026-04-17,Day,M1,F1,OP-11,-0.12,pass,
B01031,2026-04-17,Swing,M2,F3,OP-22,0.24,pass,
B01032,2026-04-17,Swing,M2,F3,OP-23,0.11,pass,
B01033,2026-04-17,Swing,M2,F4,OP-23,-0.05,pass,
B01034,2026-04-17,Swing,M2,F4,OP-21,-0.09,pass,
B01035,2026-04-17,Swing,M1,F2,OP-23,0.1,pass,
B01036,2026-04-17,Swing,M1,F2,OP-21,0.16,pass,
B01037,2026-04-17,Swing,M2,F3,OP-22,0.16,pass,
B01038,2026-04-17,Swing,M1,F2,OP-22,-0.08,pass,
B01039,2026-04-17,Swing,M2,F4,OP-22,0.06,pass,
B01040,2026-04-17,Swing,M2,F4,OP-21,0.1,pass,
B01041,2026-04-17,Night,M1,F1,OP-31,0.01,pass,
B01042,2026-04-17,Night,M1,F1,OP-32,0.32,fail,28
B01043,2026-04-17,Night,M1,F1,OP-31,0.0,pass,
B01044,2026-04-17,Night,M2,F3,OP-31,0.26,fail,13
B01045,2026-04-17,Night,M1,F2,OP-33,0.19,pass,
B01046,2026-04-17,Night,M2,F3,OP-31,0.15,pass,
B01047,2026-04-17,Night,M2,F3,OP-33,0.19,pass,
B01048,2026-04-17,Night,M1,F1,OP-33,-0.3,fail,14
B01049,2026-04-17,Night,M2,F3,OP-32,0.05,pass,
B01050,2026-04-17,Night,M1,F2,OP-32,0.16,pass,
B01051,2026-04-20,Day,M1,F2,OP-11,-0.0,pass,
B01052,2026-04-20,Day,M2,F3,OP-13,0.11,pass,
B01053,2026-04-20,Day,M2,F4,OP-11,0.09,pass,
B01054,2026-04-20,Day,M1,F1,OP-11,-0.15,pass,
B01055,2026-04-20,Day,M1,F2,OP-13,0.03,pass,
B01056,2026-04-20,Day,M2,F4,OP-12,-0.04,pass,
B01057,2026-04-20,Day,M2,F4,OP-13,0.01,pass,
B01058,2026-04-20,Day,M1,F1,OP-11,0.07,pass,
B01059,2026-04-20,Day,M2,F3,OP-12,0.1,pass,
B01060,2026-04-20,Day,M1,F1,OP-12,-0.03,pass,
B01061,2026-04-20,Swing,M2,F4,OP-21,0.02,pass,
B01062,2026-04-20,Swing,M1,F1,OP-23,0.05,pass,
B01063,2026-04-20,Swing,M1,F1,OP-21,-0.03,pass,
B01064,2026-04-20,Swing,M2,F3,OP-23,0.21,pass,
B01065,2026-04-20,Swing,M1,F2,OP-22,-0.17,pass,
B01066,2026-04-20,Swing,M2,F4,OP-21,-0.11,pass,
B01067,2026-04-20,Swing,M1,F1,OP-22,0.16,pass,
B01068,2026-04-20,Swing,M1,F2,OP-22,0.01,pass,
B01069,2026-04-20,Swing,M2,F4,OP-21,-0.11,pass,
B01070,2026-04-20,Swing,M1,F1,OP-23,-0.03,pass,
B01071,2026-04-20,Night,M1,F2,OP-32,0.03,pass,
B01072,2026-04-20,Night,M2,F3,OP-31,-0.15,pass,
B01073,2026-04-20,Night,M2,F3,OP-31,-0.01,pass,
B01074,2026-04-20,Night,M1,F1,OP-32,-0.02,pass,
B01075,2026-04-20,Night,M1,F2,OP-33,-0.07,pass,
B01076,2026-04-20,Night,M1,F2,OP-33,-0.03,pass,
B01077,2026-04-20,Night,M1,F1,OP-33,-0.17,pass,
B01078,2026-04-20,Night,M1,F2,OP-32,0.18,pass,
B01079,2026-04-20,Night,M2,F4,OP-31,0.0,pass,
B01080,2026-04-20,Night,M2,F3,OP-31,-0.02,pass,
B01081,2026-04-21,Day,M1,F1,OP-13,0.02,pass,
B01082,2026-04-21,Day,M1,F2,OP-12,-0.13,pass,
B01083,2026-04-21,Day,M1,F1,OP-12,-0.13,pass,
B01084,2026-04-21,Day,M1,F1,OP-12,-0.06,pass,
B01085,2026-04-21,Day,M2,F3,OP-12,0.24,pass,
B01086,2026-04-21,Day,M1,F1,OP-12,0.01,pass,
B01087,2026-04-21,Day,M1,F1,OP-11,-0.11,pass,
B01088,2026-04-21,Day,M2,F4,OP-11,-0.0,pass,
B01089,2026-04-21,Day,M2,F3,OP-11,0.08,pass,
B01090,2026-04-21,Day,M2,F4,OP-13,0.12,pass,
B01091,2026-04-21,Swing,M2,F3,OP-21,0.29,fail,21
B01092,2026-04-21,Swing,M2,F4,OP-23,-0.03,pass,
B01093,2026-04-21,Swing,M1,F1,OP-22,-0.01,pass,
B01094,2026-04-21,Swing,M1,F2,OP-22,0.07,pass,
B01095,2026-04-21,Swing,M2,F4,OP-22,0.08,pass,
B01096,2026-04-21,Swing,M2,F4,OP-23,-0.08,pass,
B01097,2026-04-21,Swing,M2,F4,OP-22,-0.02,pass,
B01098,2026-04-21,Swing,M2,F4,OP-23,-0.17,pass,
B01099,2026-04-21,Swing,M2,F4,OP-21,-0.08,pass,
B01100,2026-04-21,Swing,M1,F2,OP-23,0.1,pass,
B01101,2026-04-21,Night,M2,F3,OP-33,0.15,pass,
B01102,2026-04-21,Night,M1,F1,OP-32,-0.13,pass,
B01103,2026-04-21,Night,M1,F2,OP-31,-0.01,pass,
B01104,2026-04-21,Night,M2,F4,OP-33,-0.13,pass,
B01105,2026-04-21,Night,M2,F4,OP-31,-0.02,pass,
B01106,2026-04-21,Night,M1,F2,OP-32,-0.09,pass,
B01107,2026-04-21,Night,M2,F3,OP-31,0.07,pass,
B01108,2026-04-21,Night,M1,F2,OP-31,0.02,pass,
B01109,2026-04-21,Night,M1,F1,OP-32,0.08,pass,
B01110,2026-04-21,Night,M1,F1,OP-31,-0.13,pass,
B01111,2026-04-22,Day,M2,F3,OP-12,0.06,pass,
B01112,2026-04-22,Day,M1,F1,OP-13,-0.02,pass,
B01113,2026-04-22,Day,M2,F3,OP-11,0.05,pass,
B01114,2026-04-22,Day,M1,F2,OP-11,0.09,pass,
B01115,2026-04-22,Day,M1,F2,OP-11,-0.02,pass,
B01116,2026-04-22,Day,M1,F2,OP-13,-0.1,pass,
B01117,2026-04-22,Day,M1,F1,OP-11,0.16,pass,
B01118,2026-04-22,Day,M1,F2,OP-13,-0.0,pass,
B01119,2026-04-22,Day,M2,F4,OP-13,-0.12,pass,
B01120,2026-04-22,Day,M2,F4,OP-11,0.04,pass,
B01121,2026-04-22,Swing,M2,F4,OP-22,0.21,pass,
B01122,2026-04-22,Swing,M1,F2,OP-22,-0.08,pass,
B01123,2026-04-22,Swing,M2,F3,OP-22,0.19,pass,
B01124,2026-04-22,Swing,M2,F4,OP-21,-0.08,pass,
B01125,2026-04-22,Swing,M2,F3,OP-22,0.29,fail,18
B01126,2026-04-22,Swing,M2,F3,OP-21,-0.0,pass,
B01127,2026-04-22,Swing,M2,F3,OP-23,-0.04,pass,
B01128,2026-04-22,Swing,M2,F3,OP-21,0.05,pass,
B01129,2026-04-22,Swing,M2,F3,OP-22,0.05,pass,
B01130,2026-04-22,Swing,M1,F1,OP-22,-0.1,pass,
B01131,2026-04-22,Night,M2,F4,OP-31,-0.07,pass,
B01132,2026-04-22,Night,M2,F3,OP-32,0.07,pass,
B01133,2026-04-22,Night,M1,F1,OP-31,0.11,pass,
B01134,2026-04-22,Night,M2,F4,OP-32,0.1,pass,
B01135,2026-04-22,Night,M2,F3,OP-31,-0.01,pass,
B01136,2026-04-22,Night,M2,F4,OP-33,0.2,pass,
B01137,2026-04-22,Night,M2,F3,OP-31,0.29,fail,25
B01138,2026-04-22,Night,M2,F4,OP-32,-0.11,pass,
B01139,2026-04-22,Night,M2,F3,OP-31,0.07,pass,
B01140,2026-04-22,Night,M2,F3,OP-31,0.15,pass,
B01141,2026-04-23,Day,M2,F3,OP-12,0.08,pass,
B01142,2026-04-23,Day,M1,F2,OP-11,0.01,pass,
B01143,2026-04-23,Day,M1,F2,OP-11,0.13,pass,
B01144,2026-04-23,Day,M1,F1,OP-13,0.15,pass,
B01145,2026-04-23,Day,M1,F2,OP-12,-0.03,pass,
B01146,2026-04-23,Day,M1,F1,OP-13,12.5,pass,
B01147,2026-04-23,Day,M1,F1,OP-11,-0.21,pass,
B01148,2026-04-23,Day,M2,F4,OP-12,-0.0,pass,
B01149,2026-04-23,Day,M1,F2,OP-12,-0.06,pass,
B01150,2026-04-23,Day,M1,F1,OP-12,0.1,pass,
B01151,2026-04-23,Swing,M2,F3,OP-23,0.13,pass,
B01152,2026-04-23,Swing,M1,F1,OP-23,-0.06,pass,
B01153,2026-04-23,Swing,M2,F3,OP-23,0.14,pass,
B01154,2026-04-23,Swing,M2,F3,OP-23,-0.01,pass,
B01155,2026-04-23,Swing,M1,F1,OP-22,-0.17,pass,
B01156,2026-04-23,Swing,M2,F4,OP-21,0.09,pass,
B01157,2026-04-23,Swing,M1,F1,OP-21,-0.04,pass,
B01158,2026-04-23,Swing,M1,F2,OP-22,-0.13,pass,
B01159,2026-04-23,Swing,M2,F4,OP-23,-0.04,pass,
B01160,2026-04-23,Swing,M2,F3,OP-21,0.02,pass,
B01161,2026-04-23,Night,M1,F1,OP-31,0.07,pass,
B01162,2026-04-23,Night,M1,F1,OP-33,-0.19,pass,
B01163,2026-04-23,Night,M2,F3,OP-31,0.38,fail,19
B01164,2026-04-23,Night,M2,F3,OP-33,0.04,pass,
B01165,2026-04-23,Night,M1,F2,OP-31,-0.01,pass,
B01166,2026-04-23,Night,M1,F2,OP-32,0.13,pass,
B01167,2026-04-23,Night,M2,F4,OP-32,-0.05,pass,
B01168,2026-04-23,Night,M1,F2,OP-32,-0.16,pass,
B01169,2026-04-23,Night,M2,F3,OP-33,0.43,fail,28
B01170,2026-04-23,Night,M2,F3,OP-32,0.29,fail,18
B01171,2026-04-24,Day,M2,F4,OP-13,-0.01,pass,
B01172,2026-04-24,Day,M2,F3,OP-13,0.15,pass,
B01173,2026-04-24,Day,M2,F4,OP-13,-0.01,pass,
B01174,2026-04-24,Day,M2,F4,OP-12,0.06,pass,
B01175,2026-04-24,Day,M2,F3,OP-12,0.03,pass,
B01176,2026-04-24,Day,M2,F3,OP-13,0.01,pass,
B01177,2026-04-24,Day,M2,F3,OP-13,0.17,pass,
B01178,2026-04-24,Day,M1,F2,OP-13,0.02,pass,
B01179,2026-04-24,Day,M1,F1,OP-12,-0.09,pass,
B01180,2026-04-24,Day,M1,F1,OP-11,-0.21,pass,
B01181,2026-04-24,Swing,M1,F2,OP-21,-0.14,pass,
B01182,2026-04-24,Swing,M2,F3,OP-21,0.32,fail,16
B01183,2026-04-24,Swing,M2,F3,OP-21,0.12,pass,
B01184,2026-04-24,Swing,M2,F4,OP-21,0.01,pass,
B01185,2026-04-24,Swing,M2,F3,OP-22,0.16,pass,
B01186,2026-04-24,Swing,M2,F3,OP-22,0.13,pass,
B01187,2026-04-24,Swing,M2,F4,OP-23,-0.12,pass,
B01188,2026-04-24,Swing,M2,F4,OP-23,0.06,pass,
B01189,2026-04-24,Swing,M1,F1,OP-21,-0.02,pass,
B01190,2026-04-24,Swing,M2,F3,OP-21,0.18,pass,
B01191,2026-04-24,Night,M2,F3,OP-33,0.02,pass,
B01192,2026-04-24,Night,M1,F2,OP-32,0.43,fail,18
B01193,2026-04-24,Night,M2,F4,OP-33,-0.08,pass,
B01194,2026-04-24,Night,M2,F3,OP-33,0.11,pass,
B01195,2026-04-24,Night,M1,F2,OP-31,0.04,pass,
B01196,2026-04-24,Night,M1,F1,OP-32,0.04,pass,
B01197,2026-04-24,Night,M2,F3,OP-32,0.04,pass,
B01198,2026-04-24,Night,M1,F1,OP-33,-0.15,pass,
B01199,2026-04-24,Night,M1,F1,OP-33,0.17,pass,
B01200,2026-04-24,Night,M2,F4,OP-31,0.07,pass,
B01201,2026-04-27,Day,M2,F4,OP-11,-0.07,pass,
B01202,2026-04-27,Day,M2,F4,OP-11,-0.13,pass,
B01203,2026-04-27,Day,M1,F1,OP-12,-0.04,pass,
B01204,2026-04-27,Day,M1,F2,OP-13,-0.02,pass,
B01205,2026-04-27,Day,M2,F4,OP-12,-0.05,pass,
B01206,2026-04-27,Day,M2,F4,OP-12,0.02,pass,
B01207,2026-04-27,Day,M1,F2,OP-11,-0.07,pass,
B01208,2026-04-27,Day,M1,F1,OP-11,0.08,pass,
B01209,2026-04-27,Day,M1,F2,OP-12,0.11,pass,
B01210,2026-04-27,Day,M1,F1,OP-12,0.04,pass,
B01211,2026-04-27,Swing,M1,F2,OP-21,-0.02,pass,
B01212,2026-04-27,Swing,M1,F2,OP-22,0.18,pass,
B01213,2026-04-27,Swing,M1,F2,OP-21,-0.03,pass,
B01214,2026-04-27,Swing,M1,F1,OP-22,0.1,pass,
B01215,2026-04-27,Swing,M1,F2,OP-23,-0.1,pass,
B01216,2026-04-27,Swing,M1,F1,OP-22,-0.0,pass,
B01217,2026-04-27,Swing,M2,F3,OP-22,0.08,pass,
B01218,2026-04-27,Swing,M1,F1,OP-21,0.11,pass,
B01219,2026-04-27,Swing,M2,F4,OP-22,-0.08,pass,
B01220,2026-04-27,Swing,M2,F4,OP-22,0.08,pass,
B01221,2026-04-27,Night,M1,F2,OP-32,-0.05,pass,
B01222,2026-04-27,Night,M2,F4,OP-31,0.2,pass,
B01223,2026-04-27,Night,M1,F2,OP-32,-0.12,pass,
B01224,2026-04-27,Night,M1,F2,OP-33,0.21,pass,
B01225,2026-04-27,Night,M1,F1,OP-33,0.12,pass,
B01226,2026-04-27,Night,M2,F3,OP-33,0.09,pass,
B01227,2026-04-27,Night,M2,F4,OP-33,-0.19,pass,
B01228,2026-04-27,Night,M2,F3,OP-33,0.11,pass,
B01229,2026-04-27,Night,M1,F2,OP-33,0.11,pass,
B01230,2026-04-27,Night,M2,F3,OP-31,-0.16,pass,
B01231,2026-04-28,Day,M2,F4,OP-11,0.1,pass,
B01232,2026-04-28,Day,M1,F2,OP-11,0.18,pass,
B01233,2026-04-28,Day,M1,F2,OP-13,-0.12,pass,
B01234,2026-04-28,Day,M1,F1,OP-13,-0.15,pass,
B01235,2026-04-28,Day,M2,F3,OP-13,0.13,pass,
B01236,2026-04-28,Day,M2,F4,OP-12,0.02,pass,
B01237,2026-04-28,Day,M1,F2,OP-13,0.09,pass,
B01238,2026-04-28,Day,M2,F3,OP-13,0.11,pass,
B01239,2026-04-28,Day,M2,F4,OP-13,0.2,pass,
B01240,2026-04-28,Day,M2,F3,OP-12,0.21,pass,
B01241,2026-04-28,Swing,M1,F2,OP-22,0.07,pass,
B01242,2026-04-28,Swing,M2,F4,OP-22,0.07,pass,
B01243,2026-04-28,Swing,M1,F1,OP-21,-0.13,pass,
B01244,2026-04-28,Swing,M1,F1,OP-23,-0.14,pass,
B01245,2026-04-28,Swing,M2,F4,OP-23,-0.02,pass,
B01246,2026-04-28,Swing,M2,F3,OP-22,0.1,pass,
B01247,2026-04-28,Swing,M2,F3,OP-21,0.12,pass,
B01248,2026-04-28,Swing,M2,F4,OP-23,0.08,pass,
B01249,2026-04-28,Swing,M2,F4,OP-21,-0.07,pass,
B01250,2026-04-28,Swing,M2,F4,OP-22,-0.09,pass,
B01251,2026-04-28,Night,M2,F3,OP-31,0.3,fail,14
B01252,2026-04-28,Night,M1,F1,OP-31,-0.03,pass,
B01253,2026-04-28,Night,M1,F1,OP-33,0.2,pass,
B01254,2026-04-28,Night,M2,F3,OP-31,0.14,pass,
B01255,2026-04-28,Night,M1,F1,OP-33,-0.02,pass,
B01256,2026-04-28,Night,M2,F3,OP-31,0.28,fail,12
B01257,2026-04-28,Night,M1,F1,OP-33,0.2,pass,
B01258,2026-04-28,Night,M1,F1,OP-32,-0.07,pass,
B01259,2026-04-28,Night,M2,F3,OP-32,0.23,pass,
B01260,2026-04-28,Night,M1,F1,OP-32,0.12,pass,
B01261,2026-04-29,Day,M2,F3,OP-11,0.17,pass,
B01262,2026-04-29,Day,M2,F4,OP-11,0.02,pass,
B01263,2026-04-29,Day,M2,F3,OP-11,0.27,fail,19
B01264,2026-04-29,Day,M2,F4,OP-12,-0.06,pass,
B01265,2026-04-29,Day,M1,F2,OP-12,0.24,pass,
B01266,2026-04-29,Day,M1,F1,OP-12,-0.08,pass,
B01267,2026-04-29,Day,M2,F3,OP-13,-0.03,pass,
B01268,2026-04-29,Day,M2,F3,OP-13,0.13,pass,
B01269,2026-04-29,Day,M2,F4,OP-11,-0.14,pass,
B01270,2026-04-29,Day,M2,F4,OP-11,0.1,pass,
B01271,2026-04-29,Swing,M2,F4,OP-23,-0.18,pass,
B01272,2026-04-29,Swing,M1,F2,OP-22,-0.1,pass,
B01273,2026-04-29,Swing,M1,F2,OP-21,-0.12,pass,
B01274,2026-04-29,Swing,M2,F4,OP-23,0.03,pass,
B01275,2026-04-29,Swing,M1,F2,OP-22,0.02,pass,
B01276,2026-04-29,Swing,M2,F4,OP-23,0.01,pass,
B01277,2026-04-29,Swing,M2,F4,OP-21,0.22,pass,
B01278,2026-04-29,Swing,M1,F1,OP-21,-0.04,pass,
B01279,2026-04-29,Swing,M2,F4,OP-22,0.02,pass,
B01280,2026-04-29,Swing,M2,F3,OP-21,0.19,pass,
B01281,2026-04-29,Night,M2,F4,OP-31,-0.1,pass,
B01282,2026-04-29,Night,M1,F2,OP-31,0.03,pass,
B01283,2026-04-29,Night,M1,F2,OP-31,-0.12,pass,
B01284,2026-04-29,Night,M1,F1,OP-33,0.17,pass,
B01285,2026-04-29,Night,M2,F4,OP-32,-0.11,pass,
B01286,2026-04-29,Night,M2,F4,OP-32,0.05,pass,
B01287,2026-04-29,Night,M1,F2,OP-33,0.17,pass,
B01288,2026-04-29,Night,M2,F4,OP-31,0.09,pass,
B01289,2026-04-29,Night,M2,F3,OP-33,-0.15,pass,
B01290,2026-04-29,Night,M2,F3,OP-33,0.07,pass,
B01291,2026-04-30,Day,M1,F1,OP-11,-0.05,pass,
B01292,2026-04-30,Day,M1,F2,OP-13,-0.06,pass,
B01293,2026-04-30,Day,M1,F1,OP-11,0.08,pass,
B01294,2026-04-30,Day,M1,F1,OP-12,-0.04,pass,
B01295,2026-04-30,Day,M1,F2,OP-11,0.06,pass,
B01296,2026-04-30,Day,M2,F4,OP-12,0.08,pass,
B01297,2026-04-30,Day,M1,F2,OP-13,0.0,pass,
B01298,2026-04-30,Day,M1,F1,OP-13,0.06,pass,
B01299,2026-04-30,Day,M2,F3,OP-11,0.13,pass,
B01300,2026-04-30,Day,M2,F3,OP-13,0.04,pass,
B01301,2026-04-30,Swing,M1,F2,OP-21,0.0,pass,
B01302,2026-04-30,Swing,M1,F1,OP-23,0.11,pass,
B01303,2026-04-30,Swing,M2,F4,OP-21,-0.19,pass,
B01304,2026-04-30,Swing,M2,F3,OP-21,0.16,pass,
B01305,2026-04-30,Swing,M1,F1,OP-23,-0.12,pass,
B01306,2026-04-30,Swing,M1,F1,OP-21,0.16,pass,
B01307,2026-04-30,Swing,M1,F1,OP-22,0.04,pass,
B01308,2026-04-30,Swing,M2,F3,OP-23,-0.02,pass,
B01309,2026-04-30,Swing,M1,F2,OP-22,0.04,pass,
B01310,2026-04-30,Swing,M1,F1,OP-23,0.21,pass,
B01311,2026-04-30,Night,M2,F4,OP-33,0.13,pass,
B01312,2026-04-30,Night,M2,F3,OP-32,0.35,fail,22
B01313,2026-04-30,Night,M2,F4,OP-31,-0.11,pass,
B01314,2026-04-30,Night,M1,F1,OP-33,0.15,pass,
B01315,2026-04-30,Night,M2,F3,OP-31,-0.08,pass,
B01316,2026-04-30,Night,M1,F1,OP-31,0.12,pass,
B01317,2026-04-30,Night,M2,F3,OP-31,0.1,pass,
B01318,2026-04-30,Night,M2,F4,OP-32,0.2,pass,
B01319,2026-04-30,Night,M2,F4,OP-33,0.11,pass,
B01320,2026-04-30,Night,M1,F1,OP-32,,pass,
B01321,2026-05-01,Day,M1,F1,OP-13,0.08,pass,
B01322,2026-05-01,Day,M2,F4,OP-11,0.12,pass,
B01323,2026-05-01,Day,M2,F4,OP-11,0.18,pass,
B01324,2026-05-01,Day,M1,F1,OP-12,-0.08,pass,
B01325,2026-05-01,Day,M1,F2,OP-12,0.09,pass,
B01326,2026-05-01,Day,M2,F4,OP-12,-0.0,pass,
B01327,2026-05-01,Day,M2,F4,OP-12,-0.06,pass,
B01328,2026-05-01,Day,M1,F2,OP-13,-0.1,pass,
B01329,2026-05-01,Day,M1,F2,OP-11,-0.1,pass,
B01330,2026-05-01,Day,M1,F1,OP-13,0.21,pass,
B01331,2026-05-01,Swing,M1,F2,OP-23,0.05,pass,
B01332,2026-05-01,Swing,M1,F2,OP-22,-0.05,pass,
B01333,2026-05-01,Swing,M2,F4,OP-23,0.21,pass,
B01334,2026-05-01,Swing,M1,F2,OP-22,0.13,pass,
B01335,2026-05-01,Swing,M1,F1,OP-22,0.01,pass,
B01336,2026-05-01,Swing,M1,F2,OP-23,0.01,pass,
B01337,2026-05-01,Swing,M2,F3,OP-23,0.07,pass,
B01338,2026-05-01,Swing,M2,F4,OP-23,0.17,pass,
B01339,2026-05-01,Swing,M1,F1,OP-22,0.08,pass,
B01340,2026-05-01,Swing,M1,F1,OP-23,0.05,pass,
B01341,2026-05-01,Night,M1,F2,OP-32,0.05,pass,
B01342,2026-05-01,Night,M2,F3,OP-31,0.32,fail,17
B01343,2026-05-01,Night,M2,F3,OP-33,0.13,pass,
B01344,2026-05-01,Night,M1,F1,OP-33,-0.05,pass,
B01345,2026-05-01,Night,M2,F4,OP-32,-0.06,pass,
B01346,2026-05-01,Night,M2,F4,OP-31,-0.15,pass,
B01347,2026-05-01,Night,M1,F1,OP-32,-0.05,pass,
B01348,2026-05-01,Night,M2,F4,OP-32,0.02,pass,
B01349,2026-05-01,Night,M1,F1,OP-31,0.15,pass,
B01350,2026-05-01,Night,M1,F1,OP-32,0.09,pass,
B01351,2026-05-04,Day,M1,F2,OP-12,0.06,pass,
B01352,2026-05-04,Day,M1,F2,OP-13,0.02,pass,
B01353,2026-05-04,Day,M2,F4,OP-12,0.1,pass,
B01354,2026-05-04,Day,M2,F3,OP-12,0.3,fail,15
B01355,2026-05-04,Day,M2,F3,OP-11,0.1,pass,
B01356,2026-05-04,Day,M1,F1,OP-11,-0.16,pass,
B01357,2026-05-04,Day,M2,F4,OP-11,-0.05,pass,
B01358,2026-05-04,Day,M1,F1,OP-13,-0.2,pass,
B01359,2026-05-04,Day,M1,F1,OP-12,0.07,pass,
B01360,2026-05-04,Day,M2,F3,OP-13,0.2,pass,
B01361,2026-05-04,Swing,M1,F2,OP-23,0.03,pass,
B01362,2026-05-04,Swing,M2,F4,OP-21,0.02,pass,
B01363,2026-05-04,Swing,M1,F1,OP-23,-0.15,pass,
B01364,2026-05-04,Swing,M1,F2,OP-22,0.12,pass,
B01365,2026-05-04,Swing,M2,F4,OP-22,0.0,pass,
B01366,2026-05-04,Swing,M1,F2,OP-23,-0.14,pass,
B01367,2026-05-04,Swing,M2,F3,OP-22,0.15,pass,
B01368,2026-05-04,Swing,M1,F2,OP-23,0.06,pass,
B01369,2026-05-04,Swing,M2,F3,OP-21,0.04,pass,
B01370,2026-05-04,Swing,M2,F3,OP-23,0.18,pass,
B01371,2026-05-04,Night,M2,F4,OP-33,0.07,pass,
B01372,2026-05-04,Night,M1,F2,OP-33,0.18,pass,
B01373,2026-05-04,Night,M1,F1,OP-32,-0.14,pass,
B01374,2026-05-04,Night,M2,F3,OP-32,0.01,pass,
B01375,2026-05-04,Night,M2,F3,OP-31,-0.11,pass,
B01376,2026-05-04,Night,M2,F3,OP-33,0.04,pass,
B01377,2026-05-04,Night,M2,F3,OP-33,0.13,pass,
B01378,2026-05-04,Night,M1,F2,OP-32,-0.09,pass,
B01379,2026-05-04,Night,M1,F1,OP-31,0.08,pass,
B01380,2026-05-04,Night,M2,F4,OP-31,-0.07,pass,
B01381,2026-05-05,Day,M1,F2,OP-12,0.2,pass,
B01382,2026-05-05,Day,M1,F2,OP-13,0.02,pass,
B01383,2026-05-05,Day,M2,F3,OP-13,0.24,pass,
B01384,2026-05-05,Day,M1,F2,OP-13,-0.14,pass,
B01385,2026-05-05,Day,M1,F1,OP-11,0.05,pass,
B01386,2026-05-05,Day,M2,F3,OP-11,0.13,pass,
B01387,2026-05-05,Day,M1,F1,OP-11,0.06,pass,
B01388,2026-05-05,Day,M2,F4,OP-12,-0.0,pass,
B01389,2026-05-05,Day,M1,F1,OP-12,-0.1,pass,
B01390,2026-05-05,Day,M2,F4,OP-13,0.07,pass,
B01391,2026-05-05,Swing,M2,F3,OP-21,0.09,pass,
B01392,2026-05-05,Swing,M2,F4,OP-21,0.1,pass,
B01393,2026-05-05,Swing,M1,F1,OP-23,-0.04,pass,
B01394,2026-05-05,Swing,M1,F1,OP-21,0.01,pass,
B01395,2026-05-05,Swing,M2,F4,OP-23,-0.04,pass,
B01396,2026-05-05,Swing,M1,F1,OP-21,0.12,pass,
B01397,2026-05-05,Swing,M2,F4,OP-21,-0.02,pass,
B01398,2026-05-05,Swing,M2,F3,OP-22,0.03,pass,
B01399,2026-05-05,Swing,M1,F1,OP-21,-0.1,pass,
B01400,2026-05-05,Swing,M2,F3,OP-22,0.05,pass,
B01401,2026-05-05,Night,M1,F1,OP-31,0.07,pass,
B01402,2026-05-05,Night,M1,F2,OP-33,-0.17,pass,
B01403,2026-05-05,Night,M2,F3,OP-31,0.11,pass,
B01404,2026-05-05,Night,M2,F4,OP-33,0.21,pass,
B01405,2026-05-05,Night,M2,F4,OP-31,0.1,pass,
B01406,2026-05-05,Night,M1,F1,OP-31,-0.02,pass,
B01407,2026-05-05,Night,M1,F2,OP-33,0.09,pass,
B01408,2026-05-05,Night,M2,F4,OP-32,0.33,fail,12
B01409,2026-05-05,Night,M2,F3,OP-33,0.19,pass,
B01410,2026-05-05,Night,M1,F2,OP-32,0.12,pass,
B01411,2026-05-06,Day,M2,F3,OP-12,-0.07,pass,
B01412,2026-05-06,Day,M1,F1,OP-12,0.15,pass,
B01413,2026-05-06,Day,M2,F3,OP-12,0.18,pass,
B01414,2026-05-06,Day,M1,F1,OP-12,0.2,pass,
B01415,2026-05-06,Day,M2,F4,OP-13,-0.07,pass,
B01416,2026-05-06,Day,M1,F1,OP-11,-0.08,pass,
B01417,2026-05-06,Day,M2,F4,OP-11,-0.15,pass,
B01418,2026-05-06,Day,M1,F2,OP-13,-0.18,pass,
B01419,2026-05-06,Day,M1,F1,OP-13,0.01,pass,
B01420,2026-05-06,Day,M2,F3,OP-11,-0.02,pass,
B01421,2026-05-06,Swing,M2,F3,OP-22,0.17,pass,
B01422,2026-05-06,Swing,M2,F4,OP-23,-0.23,pass,
B01423,2026-05-06,Swing,M2,F3,OP-23,-0.0,pass,
B01424,2026-05-06,Swing,M1,F2,OP-23,-0.03,pass,
B01425,2026-05-06,Swing,M2,F4,OP-22,0.05,pass,
B01426,2026-05-06,Swing,M2,F3,OP-23,0.09,pass,
B01427,2026-05-06,Swing,M1,F1,OP-21,-0.01,pass,
B01428,2026-05-06,Swing,M2,F3,OP-22,0.13,pass,
B01429,2026-05-06,Swing,M2,F4,OP-21,-0.03,pass,
B01430,2026-05-06,Swing,M2,F3,OP-23,0.08,pass,
B01431,2026-05-06,Night,M1,F1,OP-31,0.11,pass,
B01432,2026-05-06,Night,M1,F1,OP-33,0.01,pass,
B01433,2026-05-06,Night,M2,F3,OP-32,0.22,pass,
B01434,2026-05-06,Night,M2,F4,OP-33,-0.02,pass,
B01435,2026-05-06,Night,M2,F4,OP-32,-0.1,pass,
B01436,2026-05-06,Night,M1,F2,OP-32,0.2,pass,
B01437,2026-05-06,Night,M1,F2,OP-32,-0.21,pass,
B01438,2026-05-06,Night,M2,F4,OP-31,0.04,pass,
B01439,2026-05-06,Night,M1,F2,OP-33,-0.32,fail,16
B01440,2026-05-06,Night,M2,F4,OP-31,-0.19,pass,
B01441,2026-05-07,Day,M1,F1,OP-12,0.09,pass,
B01442,2026-05-07,Day,M1,F1,OP-11,-0.04,pass,
B01443,2026-05-07,Day,M1,F1,OP-12,-0.04,pass,
B01444,2026-05-07,Day,M1,F2,OP-11,-0.23,pass,
B01445,2026-05-07,Day,M2,F3,OP-11,0.03,pass,
B01446,2026-05-07,Day,M1,F1,OP-11,0.07,pass,
B01447,2026-05-07,Day,M1,F1,OP-13,-0.11,pass,
B01448,2026-05-07,Day,M2,F4,OP-12,-0.02,pass,
B01449,2026-05-07,Day,M1,F1,OP-12,-0.08,pass,
B01450,2026-05-07,Day,M2,F4,OP-11,-0.1,pass,
B01451,2026-05-07,Swing,M1,F2,OP-22,0.06,pass,
B01452,2026-05-07,Swing,M1,F2,OP-23,-0.11,pass,
B01453,2026-05-07,Swing,M2,F3,OP-21,0.01,pass,
B01454,2026-05-07,Swing,M1,F1,OP-22,0.27,fail,18
B01455,2026-05-07,Swing,M1,F2,OP-21,-0.07,pass,
B01456,2026-05-07,Swing,M1,F2,OP-21,0.04,pass,
B01457,2026-05-07,Swing,M1,F1,OP-22,-0.07,pass,
B01458,2026-05-07,Swing,M1,F1,OP-21,0.02,pass,
B01459,2026-05-07,Swing,M1,F2,OP-21,0.11,pass,
B01460,2026-05-07,Swing,M1,F1,OP-22,-0.02,pass,
B01461,2026-05-07,Night,M2,F3,OP-31,0.35,fail,22
B01462,2026-05-07,Night,M1,F2,OP-31,0.16,pass,
B01463,2026-05-07,Night,M1,F2,OP-33,-0.07,pass,
B01464,2026-05-07,Night,M2,F3,OP-33,0.03,pass,
B01465,2026-05-07,Night,M1,F1,OP-31,0.03,pass,
B01466,2026-05-07,Night,M2,F3,OP-32,0.08,pass,
B01467,2026-05-07,Night,M1,F1,OP-33,-0.01,pass,
B01468,2026-05-07,Night,M2,F3,OP-33,0.17,pass,
B01469,2026-05-07,Night,M2,F3,OP-33,0.13,pass,
B01470,2026-05-07,Night,M1,F2,OP-33,0.09,pass,
B01471,2026-05-08,Day,M2,F4,OP-12,0.07,pass,
B01472,2026-05-08,Day,M2,F4,OP-13,-0.31,fail,16
B01473,2026-05-08,Day,M1,F1,OP-13,-0.04,pass,
B01474,2026-05-08,Day,M1,F2,OP-11,0.14,pass,
B01475,2026-05-08,Day,M1,F2,OP-12,-0.07,pass,
B01476,2026-05-08,Day,M1,F2,OP-11,0.08,pass,
B01477,2026-05-08,Day,M2,F4,OP-11,-0.0,pass,
B01478,2026-05-08,Day,M2,F4,OP-13,-0.15,pass,
B01479,2026-05-08,Day,M2,F3,OP-11,0.11,pass,
B01480,2026-05-08,Day,M2,F4,OP-12,0.09,pass,
B01481,2026-05-08,Swing,M2,F3,OP-22,0.34,fail,16
B01482,2026-05-08,Swing,M2,F3,OP-21,0.14,pass,
B01483,2026-05-08,Swing,M1,F2,OP-23,0.13,pass,
B01484,2026-05-08,Swing,M2,F4,OP-23,-0.11,pass,
B01485,2026-05-08,Swing,M2,F3,OP-21,0.49,fail,21
B01486,2026-05-08,Swing,M1,F1,OP-23,-0.08,pass,
B01487,2026-05-08,Swing,M1,F2,OP-21,0.22,pass,
B01488,2026-05-08,Swing,M1,F1,OP-21,0.15,pass,
B01489,2026-05-08,Swing,M2,F3,OP-21,0.07,pass,
B01490,2026-05-08,Swing,M1,F2,OP-21,0.0,pass,
B01491,2026-05-08,Night,M2,F4,OP-31,-0.24,pass,
B01492,2026-05-08,Night,M2,F3,OP-33,0.16,pass,
B01493,2026-05-08,Night,M2,F3,OP-31,0.13,pass,
B01494,2026-05-08,Night,M1,F1,OP-33,0.19,pass,
B01495,2026-05-08,Night,M2,F4,OP-32,-0.1,pass,
B01496,2026-05-08,Night,M2,F4,OP-33,-0.19,pass,
B01497,2026-05-08,Night,M1,F2,OP-33,0.01,pass,
B01498,2026-05-08,Night,M1,F1,OP-31,0.24,pass,
B01499,2026-05-08,Night,M1,F1,OP-33,-0.17,pass,
B01500,2026-05-08,Night,M1,F2,OP-33,0.04,pass,
